account_id,contact_date,action_type,triggered_by
ACC00001,2024-04-04,billing_review,existing_alert
ACC00001,2024-03-25,exec_sponsor,customer_request
ACC00001,2024-05-02,save_call,csm_observation
ACC00002,2025-05-13,billing_review,customer_request
ACC00002,2025-10-04,save_call,existing_alert
ACC00002,2025-08-22,roadmap_commitment,health_score
ACC00003,2025-06-03,training_session,support_escalation
ACC00004,2025-08-02,training_session,csm_observation
ACC00004,2025-08-15,exec_sponsor,csm_observation
ACC00004,2025-05-24,training_session,health_score
ACC00004,2025-06-05,exec_sponsor,customer_request
ACC00005,2025-06-06,training_session,existing_alert
ACC00005,2025-06-03,discount_offer,csm_observation
ACC00005,2025-02-21,roadmap_commitment,csm_observation
ACC00005,2025-05-27,discount_offer,health_score
ACC00006,2024-11-18,exec_sponsor,csm_observation
ACC00006,2025-03-03,save_call,support_escalation
ACC00006,2025-03-24,save_call,support_escalation
ACC00007,2024-10-17,exec_sponsor,support_escalation
ACC00007,2024-08-08,save_call,customer_request
ACC00007,2024-08-26,success_review,support_escalation
ACC00008,2025-07-10,billing_review,customer_request
ACC00008,2025-04-17,exec_sponsor,csm_observation
ACC00009,2025-05-25,training_session,existing_alert
ACC00009,2025-07-10,exec_sponsor,csm_observation
ACC00009,2025-07-11,billing_review,customer_request
ACC00009,2025-05-21,exec_sponsor,health_score
ACC00010,2025-05-24,discount_offer,csm_observation
ACC00010,2025-05-29,discount_offer,health_score
ACC00010,2025-06-17,exec_sponsor,customer_request
ACC00010,2025-02-14,exec_sponsor,csm_observation
ACC00011,2025-05-01,billing_review,existing_alert
ACC00011,2025-08-21,save_call,customer_request
ACC00011,2025-06-12,success_review,support_escalation
ACC00011,2025-06-22,save_call,csm_observation
ACC00012,2025-10-06,save_call,customer_request
ACC00012,2025-07-08,success_review,health_score
ACC00013,2025-04-12,discount_offer,support_escalation
ACC00013,2024-11-16,success_review,csm_observation
ACC00013,2025-01-19,billing_review,csm_observation
ACC00014,2024-12-19,exec_sponsor,health_score
ACC00014,2024-08-27,success_review,csm_observation
ACC00014,2024-10-12,training_session,existing_alert
ACC00015,2025-08-14,training_session,support_escalation
ACC00015,2025-06-25,roadmap_commitment,health_score
ACC00015,2025-08-03,billing_review,existing_alert
ACC00015,2025-04-15,billing_review,existing_alert
ACC00016,2025-08-29,save_call,existing_alert
ACC00016,2025-10-02,save_call,customer_request
ACC00016,2025-11-03,roadmap_commitment,csm_observation
ACC00016,2025-07-17,exec_sponsor,csm_observation
ACC00017,2025-05-09,exec_sponsor,existing_alert
ACC00018,2024-07-14,discount_offer,support_escalation
ACC00018,2024-08-08,success_review,csm_observation
ACC00018,2024-08-10,training_session,support_escalation
ACC00018,2024-09-25,discount_offer,csm_observation
ACC00019,2025-10-31,discount_offer,health_score
ACC00019,2025-06-25,discount_offer,customer_request
ACC00019,2025-08-26,discount_offer,support_escalation
ACC00019,2025-09-01,save_call,support_escalation
ACC00020,2024-10-11,discount_offer,support_escalation
ACC00020,2024-10-25,save_call,customer_request
ACC00020,2024-10-07,training_session,csm_observation
ACC00020,2024-09-22,roadmap_commitment,health_score
ACC00021,2024-09-25,roadmap_commitment,health_score
ACC00022,2025-02-17,training_session,existing_alert
ACC00023,2025-02-16,discount_offer,health_score
ACC00023,2025-05-04,training_session,csm_observation
ACC00024,2025-11-24,billing_review,support_escalation
ACC00024,2025-08-09,exec_sponsor,support_escalation
ACC00024,2025-10-27,training_session,csm_observation
ACC00025,2024-03-31,discount_offer,health_score
ACC00026,2025-04-25,training_session,csm_observation
ACC00026,2025-01-21,training_session,support_escalation
ACC00026,2025-06-21,success_review,customer_request
ACC00027,2025-07-05,billing_review,support_escalation
ACC00027,2025-07-30,exec_sponsor,health_score
ACC00027,2025-04-30,save_call,support_escalation
ACC00027,2025-04-15,exec_sponsor,health_score
ACC00028,2025-07-15,roadmap_commitment,existing_alert
ACC00028,2025-10-31,exec_sponsor,support_escalation
ACC00028,2025-11-03,success_review,existing_alert
ACC00028,2025-09-24,save_call,customer_request
ACC00029,2025-08-06,save_call,health_score
ACC00029,2025-06-22,success_review,existing_alert
ACC00030,2025-03-09,success_review,existing_alert
ACC00031,2025-06-24,success_review,health_score
ACC00031,2025-04-16,discount_offer,customer_request
ACC00032,2024-07-01,roadmap_commitment,csm_observation
ACC00033,2024-08-18,exec_sponsor,existing_alert
ACC00033,2024-06-18,save_call,existing_alert
ACC00033,2024-08-15,training_session,csm_observation
ACC00034,2025-09-19,exec_sponsor,existing_alert
ACC00034,2024-09-18,exec_sponsor,support_escalation
ACC00034,2025-08-09,success_review,customer_request
ACC00034,2024-10-03,roadmap_commitment,health_score
ACC00035,2024-08-01,roadmap_commitment,csm_observation
ACC00035,2025-07-08,billing_review,customer_request
ACC00035,2024-10-04,discount_offer,existing_alert
ACC00036,2025-07-13,training_session,health_score
ACC00037,2024-05-28,exec_sponsor,support_escalation
ACC00037,2024-06-15,training_session,customer_request
ACC00037,2024-03-22,save_call,support_escalation
ACC00037,2024-08-21,roadmap_commitment,health_score
ACC00038,2024-09-03,billing_review,support_escalation
ACC00039,2025-09-26,exec_sponsor,customer_request
ACC00039,2025-10-27,discount_offer,customer_request
ACC00039,2025-07-25,save_call,customer_request
ACC00040,2025-04-05,billing_review,support_escalation
ACC00040,2025-06-16,success_review,existing_alert
ACC00040,2025-06-25,save_call,customer_request
ACC00041,2024-07-17,roadmap_commitment,support_escalation
ACC00041,2024-09-16,discount_offer,support_escalation
ACC00042,2025-06-21,save_call,health_score
ACC00042,2025-05-22,success_review,support_escalation
ACC00043,2025-01-07,success_review,health_score
ACC00043,2024-12-10,billing_review,support_escalation
ACC00043,2025-01-05,roadmap_commitment,health_score
ACC00043,2024-09-29,roadmap_commitment,customer_request
ACC00044,2025-01-21,exec_sponsor,health_score
ACC00044,2024-11-19,discount_offer,csm_observation
ACC00044,2024-09-20,success_review,customer_request
ACC00044,2025-07-30,save_call,csm_observation
ACC00045,2025-05-31,exec_sponsor,support_escalation
ACC00045,2025-10-06,discount_offer,customer_request
ACC00045,2025-07-11,billing_review,support_escalation
ACC00046,2025-03-21,save_call,existing_alert
ACC00046,2025-02-19,exec_sponsor,health_score
ACC00046,2025-06-14,success_review,support_escalation
ACC00046,2025-02-27,exec_sponsor,health_score
ACC00047,2025-06-21,exec_sponsor,support_escalation
ACC00047,2025-05-04,save_call,csm_observation
ACC00048,2024-10-30,billing_review,health_score
ACC00048,2024-11-16,billing_review,existing_alert
ACC00048,2024-11-09,billing_review,existing_alert
ACC00048,2024-07-28,exec_sponsor,health_score
ACC00049,2024-10-12,save_call,health_score
ACC00049,2024-07-07,save_call,csm_observation
ACC00049,2024-10-04,exec_sponsor,health_score
ACC00050,2025-07-30,discount_offer,support_escalation
ACC00050,2025-11-23,discount_offer,customer_request
ACC00050,2025-08-23,training_session,health_score
ACC00051,2025-07-14,billing_review,support_escalation
ACC00051,2025-08-27,success_review,support_escalation
ACC00051,2025-04-12,save_call,health_score
ACC00051,2025-05-12,success_review,support_escalation
ACC00052,2025-08-13,success_review,customer_request
ACC00052,2024-07-10,roadmap_commitment,support_escalation
ACC00053,2025-01-26,success_review,csm_observation
ACC00053,2024-12-01,save_call,support_escalation
ACC00053,2024-07-23,save_call,support_escalation
ACC00053,2024-09-13,save_call,existing_alert
ACC00054,2024-08-05,exec_sponsor,customer_request
ACC00054,2025-01-29,discount_offer,health_score
ACC00054,2025-05-08,billing_review,existing_alert
ACC00054,2025-04-19,exec_sponsor,customer_request
ACC00055,2024-07-11,success_review,support_escalation
ACC00055,2024-09-06,exec_sponsor,support_escalation
ACC00055,2024-08-29,roadmap_commitment,support_escalation
ACC00056,2024-06-01,success_review,customer_request
ACC00056,2024-10-03,exec_sponsor,customer_request
ACC00056,2024-08-08,billing_review,customer_request
ACC00056,2024-06-22,discount_offer,customer_request
ACC00057,2025-06-27,discount_offer,health_score
ACC00057,2025-01-29,exec_sponsor,csm_observation
ACC00058,2024-04-07,training_session,health_score
ACC00058,2024-06-24,exec_sponsor,support_escalation
ACC00059,2025-03-17,roadmap_commitment,customer_request
ACC00059,2025-01-05,billing_review,csm_observation
ACC00060,2024-07-09,training_session,csm_observation
ACC00060,2024-05-27,training_session,existing_alert
ACC00060,2024-05-24,roadmap_commitment,customer_request
ACC00060,2024-08-02,training_session,support_escalation
ACC00061,2024-09-30,billing_review,support_escalation
ACC00061,2024-10-13,discount_offer,health_score
ACC00061,2024-10-30,discount_offer,health_score
ACC00062,2025-07-27,discount_offer,customer_request
ACC00062,2025-12-01,exec_sponsor,csm_observation
ACC00062,2025-08-02,success_review,support_escalation
ACC00062,2025-09-05,billing_review,existing_alert
ACC00063,2025-05-12,roadmap_commitment,customer_request
ACC00063,2024-12-01,success_review,health_score
ACC00063,2025-08-09,save_call,customer_request
ACC00064,2025-08-17,save_call,customer_request
ACC00065,2025-04-25,save_call,health_score
ACC00065,2025-04-27,training_session,health_score
ACC00065,2025-06-15,training_session,customer_request
ACC00066,2025-06-06,training_session,csm_observation
ACC00066,2025-09-13,roadmap_commitment,csm_observation
ACC00066,2025-10-28,exec_sponsor,health_score
ACC00067,2025-07-06,discount_offer,support_escalation
ACC00068,2024-06-19,training_session,health_score
ACC00068,2024-10-02,exec_sponsor,support_escalation
ACC00069,2025-06-07,save_call,customer_request
ACC00069,2025-07-02,discount_offer,csm_observation
ACC00070,2024-06-05,billing_review,existing_alert
ACC00070,2024-10-09,billing_review,existing_alert
ACC00070,2025-06-24,roadmap_commitment,support_escalation
ACC00070,2025-07-23,training_session,existing_alert
ACC00071,2025-07-03,success_review,support_escalation
ACC00072,2024-03-07,success_review,existing_alert
ACC00072,2024-05-09,success_review,existing_alert
ACC00072,2024-02-12,save_call,csm_observation
ACC00073,2025-05-01,success_review,health_score
ACC00073,2025-05-06,save_call,support_escalation
ACC00074,2025-02-18,exec_sponsor,existing_alert
ACC00074,2025-05-22,success_review,customer_request
ACC00075,2025-05-22,save_call,health_score
ACC00075,2025-08-05,billing_review,csm_observation
ACC00075,2025-04-09,save_call,health_score
ACC00076,2024-07-30,save_call,csm_observation
ACC00077,2024-08-05,exec_sponsor,health_score
ACC00077,2024-09-15,training_session,csm_observation
ACC00078,2024-10-06,success_review,health_score
ACC00078,2025-01-15,success_review,existing_alert
ACC00078,2024-12-12,discount_offer,csm_observation
ACC00078,2025-01-03,success_review,support_escalation
ACC00079,2025-07-13,success_review,health_score
ACC00080,2025-08-17,discount_offer,customer_request
ACC00080,2025-05-03,training_session,customer_request
ACC00081,2024-06-19,discount_offer,csm_observation
ACC00081,2024-07-28,success_review,health_score
ACC00081,2025-07-06,success_review,csm_observation
ACC00082,2025-09-29,discount_offer,support_escalation
ACC00082,2025-09-05,save_call,csm_observation
ACC00082,2025-10-08,roadmap_commitment,existing_alert
ACC00083,2024-06-01,save_call,customer_request
ACC00083,2024-07-20,success_review,health_score
ACC00084,2024-08-16,exec_sponsor,csm_observation
ACC00084,2024-08-24,exec_sponsor,support_escalation
ACC00084,2024-12-11,exec_sponsor,csm_observation
ACC00084,2024-08-15,save_call,customer_request
ACC00085,2024-07-25,exec_sponsor,health_score
ACC00085,2024-06-11,roadmap_commitment,existing_alert
ACC00085,2024-04-12,success_review,health_score
ACC00086,2024-11-05,exec_sponsor,support_escalation
ACC00086,2024-11-17,success_review,health_score
ACC00086,2024-07-18,roadmap_commitment,csm_observation
ACC00087,2024-06-12,discount_offer,customer_request
ACC00087,2024-05-08,training_session,existing_alert
ACC00087,2024-05-28,discount_offer,csm_observation
ACC00087,2024-08-16,success_review,support_escalation
ACC00088,2025-05-01,success_review,support_escalation
ACC00088,2025-05-25,discount_offer,health_score
ACC00089,2024-06-23,discount_offer,csm_observation
ACC00089,2025-04-18,exec_sponsor,support_escalation
ACC00090,2025-05-26,roadmap_commitment,customer_request
ACC00091,2025-01-15,training_session,health_score
ACC00091,2024-11-15,success_review,customer_request
ACC00092,2024-10-11,success_review,csm_observation
ACC00092,2024-06-16,training_session,csm_observation
ACC00092,2024-07-15,success_review,support_escalation
ACC00092,2024-05-23,training_session,customer_request
ACC00093,2025-04-05,exec_sponsor,csm_observation
ACC00093,2024-07-18,billing_review,support_escalation
ACC00094,2024-07-11,billing_review,existing_alert
ACC00094,2024-09-04,exec_sponsor,existing_alert
ACC00094,2024-09-14,billing_review,csm_observation
ACC00095,2025-05-07,discount_offer,csm_observation
ACC00095,2025-01-24,training_session,existing_alert
ACC00095,2025-09-16,success_review,customer_request
ACC00095,2025-09-27,training_session,support_escalation
ACC00096,2025-06-11,save_call,health_score
ACC00096,2025-02-27,billing_review,support_escalation
ACC00096,2025-07-24,roadmap_commitment,csm_observation
ACC00097,2025-07-18,discount_offer,support_escalation
ACC00097,2025-08-01,roadmap_commitment,support_escalation
ACC00097,2025-11-12,training_session,csm_observation
ACC00097,2025-07-04,training_session,health_score
ACC00098,2024-07-09,discount_offer,support_escalation
ACC00099,2025-04-01,discount_offer,support_escalation
ACC00099,2025-04-11,discount_offer,customer_request
ACC00100,2025-09-28,training_session,support_escalation
ACC00100,2025-06-15,save_call,health_score
ACC00101,2025-01-30,success_review,support_escalation
ACC00101,2024-11-19,roadmap_commitment,csm_observation
ACC00102,2024-09-28,success_review,health_score
ACC00102,2024-07-26,roadmap_commitment,health_score
ACC00103,2025-06-04,save_call,health_score
ACC00103,2025-06-21,discount_offer,support_escalation
ACC00103,2025-08-18,roadmap_commitment,csm_observation
ACC00103,2025-05-09,success_review,existing_alert
ACC00104,2024-07-14,save_call,existing_alert
ACC00104,2024-10-13,save_call,csm_observation
ACC00104,2024-08-29,roadmap_commitment,csm_observation
ACC00105,2024-08-08,discount_offer,health_score
ACC00105,2025-03-30,success_review,existing_alert
ACC00106,2024-07-21,billing_review,support_escalation
ACC00106,2024-04-01,training_session,health_score
ACC00106,2024-04-08,exec_sponsor,customer_request
ACC00107,2024-02-27,discount_offer,support_escalation
ACC00107,2024-06-01,billing_review,existing_alert
ACC00107,2024-05-30,roadmap_commitment,existing_alert
ACC00107,2024-02-08,exec_sponsor,customer_request
ACC00108,2024-12-14,discount_offer,customer_request
ACC00109,2024-10-26,exec_sponsor,support_escalation
ACC00109,2024-09-02,training_session,existing_alert
ACC00109,2024-10-31,billing_review,health_score
ACC00110,2024-08-21,save_call,customer_request
ACC00110,2024-07-18,exec_sponsor,existing_alert
ACC00111,2024-09-03,success_review,health_score
ACC00111,2024-08-02,training_session,support_escalation
ACC00111,2024-08-23,training_session,support_escalation
ACC00111,2024-08-17,success_review,csm_observation
ACC00112,2025-05-17,save_call,customer_request
ACC00112,2025-08-18,save_call,customer_request
ACC00112,2025-10-13,exec_sponsor,csm_observation
ACC00113,2025-05-20,exec_sponsor,health_score
ACC00113,2024-12-20,roadmap_commitment,support_escalation
ACC00114,2025-09-18,discount_offer,existing_alert
ACC00114,2024-11-28,roadmap_commitment,csm_observation
ACC00114,2024-11-10,save_call,support_escalation
ACC00115,2024-09-02,roadmap_commitment,support_escalation
ACC00115,2024-07-28,training_session,health_score
ACC00115,2024-08-15,save_call,health_score
ACC00115,2024-10-28,success_review,csm_observation
ACC00116,2025-08-24,training_session,csm_observation
ACC00116,2024-10-30,billing_review,support_escalation
ACC00116,2025-09-26,exec_sponsor,health_score
ACC00117,2024-11-26,save_call,csm_observation
ACC00117,2025-07-10,save_call,health_score
ACC00118,2024-04-28,roadmap_commitment,health_score
ACC00118,2024-06-15,roadmap_commitment,customer_request
ACC00119,2025-10-04,billing_review,support_escalation
ACC00119,2025-02-18,training_session,customer_request
ACC00119,2024-08-30,save_call,existing_alert
ACC00120,2024-05-06,save_call,customer_request
ACC00120,2024-05-23,discount_offer,existing_alert
ACC00120,2024-08-29,roadmap_commitment,csm_observation
ACC00120,2024-06-18,success_review,existing_alert
ACC00121,2024-07-04,exec_sponsor,health_score
ACC00121,2024-10-13,training_session,support_escalation
ACC00121,2024-06-18,billing_review,existing_alert
ACC00121,2025-01-21,success_review,support_escalation
ACC00122,2024-10-27,training_session,csm_observation
ACC00123,2025-11-15,discount_offer,existing_alert
ACC00123,2025-10-15,training_session,customer_request
ACC00123,2025-11-06,billing_review,customer_request
ACC00124,2025-05-12,success_review,customer_request
ACC00124,2025-07-28,save_call,customer_request
ACC00124,2025-07-22,exec_sponsor,support_escalation
ACC00124,2025-07-09,billing_review,support_escalation
ACC00125,2025-08-02,save_call,existing_alert
ACC00126,2024-06-29,success_review,existing_alert
ACC00126,2024-03-28,save_call,health_score
ACC00126,2024-06-07,training_session,health_score
ACC00127,2024-07-23,exec_sponsor,customer_request
ACC00128,2025-09-30,save_call,customer_request
ACC00128,2025-03-19,exec_sponsor,customer_request
ACC00128,2025-02-03,save_call,health_score
ACC00129,2024-10-21,discount_offer,customer_request
ACC00129,2025-01-20,roadmap_commitment,existing_alert
ACC00129,2024-11-27,billing_review,csm_observation
ACC00130,2025-08-24,exec_sponsor,customer_request
ACC00130,2025-09-22,save_call,csm_observation
ACC00130,2025-09-25,success_review,customer_request
ACC00130,2025-08-15,billing_review,support_escalation
ACC00131,2024-05-30,roadmap_commitment,support_escalation
ACC00131,2024-07-20,exec_sponsor,customer_request
ACC00132,2025-01-21,success_review,health_score
ACC00133,2024-09-06,exec_sponsor,health_score
ACC00133,2024-10-07,save_call,customer_request
ACC00133,2024-09-10,discount_offer,health_score
ACC00134,2025-07-14,roadmap_commitment,health_score
ACC00134,2025-06-07,exec_sponsor,existing_alert
ACC00134,2025-06-01,exec_sponsor,csm_observation
ACC00135,2025-01-15,success_review,csm_observation
ACC00135,2024-10-18,save_call,existing_alert
ACC00135,2025-01-07,success_review,existing_alert
ACC00135,2024-09-09,save_call,existing_alert
ACC00136,2025-06-30,roadmap_commitment,customer_request
ACC00137,2025-02-13,billing_review,customer_request
ACC00137,2025-02-26,success_review,support_escalation
ACC00137,2025-03-17,training_session,csm_observation
ACC00138,2024-05-10,roadmap_commitment,customer_request
ACC00139,2025-05-21,roadmap_commitment,support_escalation
ACC00139,2025-07-27,billing_review,existing_alert
ACC00139,2025-07-08,roadmap_commitment,existing_alert
ACC00140,2024-12-16,exec_sponsor,existing_alert
ACC00140,2025-07-20,success_review,health_score
ACC00140,2025-07-02,billing_review,existing_alert
ACC00141,2025-03-22,training_session,customer_request
ACC00141,2024-06-10,roadmap_commitment,customer_request
ACC00141,2025-05-31,success_review,support_escalation
ACC00141,2024-07-12,save_call,support_escalation
ACC00142,2025-09-19,training_session,health_score
ACC00143,2025-10-14,roadmap_commitment,csm_observation
ACC00144,2025-04-29,roadmap_commitment,customer_request
ACC00144,2025-07-25,roadmap_commitment,csm_observation
ACC00144,2025-06-27,exec_sponsor,customer_request
ACC00145,2024-07-12,roadmap_commitment,csm_observation
ACC00146,2025-10-04,training_session,existing_alert
ACC00146,2025-05-11,roadmap_commitment,csm_observation
ACC00146,2025-07-27,save_call,customer_request
ACC00147,2025-03-12,training_session,health_score
ACC00147,2025-08-01,exec_sponsor,health_score
ACC00148,2025-08-02,training_session,health_score
ACC00148,2025-07-06,save_call,existing_alert
ACC00148,2025-08-06,exec_sponsor,health_score
ACC00149,2025-01-07,exec_sponsor,customer_request
ACC00149,2024-12-25,success_review,existing_alert
ACC00149,2024-09-27,success_review,customer_request
ACC00150,2025-11-04,discount_offer,customer_request
ACC00151,2025-07-25,training_session,existing_alert
ACC00152,2024-06-22,discount_offer,existing_alert
ACC00152,2024-08-19,roadmap_commitment,support_escalation
ACC00153,2024-11-22,training_session,support_escalation
ACC00154,2025-05-05,roadmap_commitment,health_score
ACC00154,2025-09-11,discount_offer,existing_alert
ACC00154,2025-07-11,save_call,existing_alert
ACC00155,2025-05-24,training_session,customer_request
ACC00155,2025-04-19,discount_offer,support_escalation
ACC00155,2025-09-02,exec_sponsor,support_escalation
ACC00156,2025-06-26,roadmap_commitment,existing_alert
ACC00156,2025-05-21,save_call,csm_observation
ACC00156,2025-09-26,exec_sponsor,customer_request
ACC00156,2025-08-18,roadmap_commitment,customer_request
ACC00157,2025-08-21,success_review,csm_observation
ACC00157,2025-08-10,training_session,health_score
ACC00157,2025-06-18,billing_review,customer_request
ACC00157,2025-08-26,save_call,customer_request
ACC00158,2024-10-27,discount_offer,support_escalation
ACC00158,2025-07-24,training_session,support_escalation
ACC00159,2024-11-14,exec_sponsor,customer_request
ACC00159,2024-08-28,save_call,support_escalation
ACC00160,2025-10-19,exec_sponsor,support_escalation
ACC00160,2025-09-21,billing_review,csm_observation
ACC00160,2025-10-21,roadmap_commitment,csm_observation
ACC00160,2025-07-22,discount_offer,customer_request
ACC00161,2025-06-15,success_review,existing_alert
ACC00161,2025-06-28,roadmap_commitment,csm_observation
ACC00161,2025-05-12,billing_review,health_score
ACC00162,2025-08-31,billing_review,health_score
ACC00163,2024-05-25,roadmap_commitment,support_escalation
ACC00164,2025-05-30,discount_offer,health_score
ACC00164,2025-08-21,training_session,customer_request
ACC00165,2025-03-22,billing_review,support_escalation
ACC00166,2024-08-26,training_session,customer_request
ACC00166,2024-07-14,training_session,customer_request
ACC00167,2024-04-18,billing_review,support_escalation
ACC00167,2024-05-16,exec_sponsor,support_escalation
ACC00167,2024-06-06,exec_sponsor,customer_request
ACC00167,2024-05-23,roadmap_commitment,existing_alert
ACC00168,2025-09-03,training_session,existing_alert
ACC00168,2025-09-21,exec_sponsor,csm_observation
ACC00168,2025-10-22,discount_offer,health_score
ACC00169,2025-09-14,success_review,customer_request
ACC00169,2025-05-28,success_review,customer_request
ACC00170,2024-09-22,success_review,health_score
ACC00170,2024-09-28,success_review,customer_request
ACC00170,2024-08-15,roadmap_commitment,health_score
ACC00171,2025-05-15,success_review,support_escalation
ACC00172,2025-06-29,exec_sponsor,csm_observation
ACC00172,2025-05-25,roadmap_commitment,support_escalation
ACC00172,2025-02-28,training_session,health_score
ACC00173,2024-05-21,exec_sponsor,customer_request
ACC00174,2025-06-27,training_session,customer_request
ACC00174,2025-03-29,success_review,csm_observation
ACC00175,2024-08-07,roadmap_commitment,existing_alert
ACC00175,2024-10-02,training_session,existing_alert
ACC00176,2025-04-12,exec_sponsor,csm_observation
ACC00176,2025-03-28,training_session,customer_request
ACC00177,2024-07-19,save_call,customer_request
ACC00177,2024-08-26,discount_offer,health_score
ACC00177,2024-11-17,success_review,csm_observation
ACC00177,2024-08-30,billing_review,support_escalation
ACC00178,2024-05-25,success_review,csm_observation
ACC00178,2024-02-18,training_session,csm_observation
ACC00179,2025-01-27,exec_sponsor,existing_alert
ACC00179,2025-05-19,roadmap_commitment,customer_request
ACC00179,2025-01-01,success_review,csm_observation
ACC00180,2025-03-22,training_session,customer_request
ACC00181,2025-04-30,exec_sponsor,health_score
ACC00181,2025-07-02,billing_review,support_escalation
ACC00182,2025-03-25,training_session,csm_observation
ACC00182,2025-05-28,success_review,customer_request
ACC00182,2025-03-18,discount_offer,csm_observation
ACC00183,2025-06-22,roadmap_commitment,health_score
ACC00183,2025-05-11,discount_offer,csm_observation
ACC00184,2025-08-03,success_review,support_escalation
ACC00184,2024-12-12,roadmap_commitment,health_score
ACC00184,2024-10-13,exec_sponsor,csm_observation
ACC00184,2024-06-04,discount_offer,existing_alert
ACC00185,2025-08-09,discount_offer,customer_request
ACC00185,2025-07-14,roadmap_commitment,existing_alert
ACC00185,2025-07-20,exec_sponsor,support_escalation
ACC00186,2024-03-09,save_call,health_score
ACC00187,2025-07-07,roadmap_commitment,support_escalation
ACC00187,2025-09-15,success_review,support_escalation
ACC00188,2024-01-25,save_call,health_score
ACC00188,2024-05-24,exec_sponsor,existing_alert
ACC00189,2024-08-30,billing_review,health_score
ACC00190,2025-04-27,success_review,csm_observation
ACC00190,2025-09-13,discount_offer,customer_request
ACC00191,2024-12-12,billing_review,support_escalation
ACC00192,2025-04-18,success_review,customer_request
ACC00192,2024-08-01,success_review,support_escalation
ACC00193,2025-09-29,training_session,support_escalation
ACC00193,2024-06-19,roadmap_commitment,support_escalation
ACC00193,2024-10-08,success_review,health_score
ACC00193,2024-12-05,exec_sponsor,health_score
ACC00194,2024-04-29,billing_review,support_escalation
ACC00194,2024-05-11,exec_sponsor,customer_request
ACC00194,2024-06-19,roadmap_commitment,existing_alert
ACC00195,2025-07-04,discount_offer,customer_request
ACC00195,2025-05-09,success_review,csm_observation
ACC00195,2025-09-08,training_session,existing_alert
ACC00195,2025-07-11,billing_review,csm_observation
ACC00196,2025-08-11,exec_sponsor,customer_request
ACC00196,2025-06-27,training_session,existing_alert
ACC00196,2025-06-25,roadmap_commitment,support_escalation
ACC00197,2025-10-09,discount_offer,customer_request
ACC00197,2025-11-14,success_review,customer_request
ACC00197,2025-07-24,training_session,existing_alert
ACC00198,2025-05-14,training_session,csm_observation
ACC00198,2025-05-10,success_review,support_escalation
ACC00199,2024-08-26,training_session,csm_observation
ACC00199,2025-06-30,roadmap_commitment,health_score
ACC00200,2025-03-24,exec_sponsor,customer_request
ACC00200,2024-09-03,discount_offer,support_escalation
ACC00201,2024-08-07,billing_review,support_escalation
ACC00202,2025-01-29,billing_review,existing_alert
ACC00202,2025-03-21,success_review,health_score
ACC00203,2025-02-26,success_review,existing_alert
ACC00204,2025-03-18,billing_review,support_escalation
ACC00204,2024-10-12,roadmap_commitment,support_escalation
ACC00204,2025-07-29,save_call,health_score
ACC00205,2025-11-14,discount_offer,support_escalation
ACC00205,2025-10-07,exec_sponsor,existing_alert
ACC00205,2025-07-22,exec_sponsor,customer_request
ACC00205,2025-08-31,training_session,customer_request
ACC00206,2025-03-11,save_call,customer_request
ACC00206,2024-12-15,success_review,health_score
ACC00206,2025-03-24,billing_review,csm_observation
ACC00207,2025-03-01,discount_offer,support_escalation
ACC00208,2025-02-27,billing_review,existing_alert
ACC00208,2025-05-21,exec_sponsor,health_score
ACC00208,2025-04-20,success_review,customer_request
ACC00208,2025-05-21,success_review,customer_request
ACC00209,2025-05-22,roadmap_commitment,support_escalation
ACC00209,2025-04-25,save_call,csm_observation
ACC00209,2025-07-14,success_review,csm_observation
ACC00210,2025-08-12,training_session,support_escalation
ACC00211,2025-07-14,roadmap_commitment,health_score
ACC00211,2025-10-25,discount_offer,support_escalation
ACC00211,2025-07-05,training_session,support_escalation
ACC00211,2025-10-04,roadmap_commitment,health_score
ACC00212,2025-09-30,roadmap_commitment,health_score
ACC00212,2025-07-19,exec_sponsor,health_score
ACC00212,2025-08-26,discount_offer,csm_observation
ACC00212,2025-11-01,save_call,customer_request
ACC00213,2024-08-21,save_call,csm_observation
ACC00213,2024-07-30,training_session,support_escalation
ACC00213,2024-07-17,exec_sponsor,customer_request
ACC00213,2024-10-11,save_call,support_escalation
ACC00214,2024-06-24,billing_review,csm_observation
ACC00214,2024-10-14,roadmap_commitment,support_escalation
ACC00214,2024-10-20,training_session,customer_request
ACC00214,2024-10-22,success_review,csm_observation
ACC00215,2025-04-12,training_session,existing_alert
ACC00215,2025-07-10,discount_offer,existing_alert
ACC00215,2025-04-08,exec_sponsor,support_escalation
ACC00215,2025-07-12,training_session,customer_request
ACC00216,2025-09-10,billing_review,health_score
ACC00216,2025-09-01,success_review,support_escalation
ACC00217,2024-09-11,success_review,existing_alert
ACC00217,2024-04-28,roadmap_commitment,existing_alert
ACC00218,2025-06-14,save_call,health_score
ACC00218,2025-07-29,training_session,health_score
ACC00218,2025-08-12,success_review,customer_request
ACC00219,2024-09-03,exec_sponsor,health_score
ACC00219,2024-11-01,success_review,health_score
ACC00219,2024-08-05,roadmap_commitment,support_escalation
ACC00220,2025-02-17,save_call,customer_request
ACC00220,2024-07-29,discount_offer,csm_observation
ACC00220,2025-01-25,roadmap_commitment,existing_alert
ACC00220,2025-08-06,success_review,support_escalation
ACC00221,2025-04-25,exec_sponsor,health_score
ACC00221,2025-05-16,exec_sponsor,support_escalation
ACC00221,2025-06-11,roadmap_commitment,customer_request
ACC00222,2025-08-20,roadmap_commitment,customer_request
ACC00222,2025-07-17,save_call,health_score
ACC00223,2024-12-02,training_session,health_score
ACC00223,2025-02-05,success_review,customer_request
ACC00223,2024-12-07,billing_review,health_score
ACC00224,2025-11-17,training_session,customer_request
ACC00224,2025-09-13,exec_sponsor,customer_request
ACC00224,2025-08-12,success_review,existing_alert
ACC00225,2025-08-22,exec_sponsor,customer_request
ACC00226,2024-09-13,discount_offer,customer_request
ACC00227,2025-04-11,exec_sponsor,health_score
ACC00227,2025-06-11,exec_sponsor,customer_request
ACC00227,2024-10-06,training_session,support_escalation
ACC00228,2024-07-28,success_review,health_score
ACC00228,2024-04-15,billing_review,health_score
ACC00228,2024-08-17,discount_offer,existing_alert
ACC00229,2024-07-24,discount_offer,support_escalation
ACC00229,2025-04-11,exec_sponsor,csm_observation
ACC00229,2025-05-06,discount_offer,health_score
ACC00230,2025-12-13,billing_review,existing_alert
ACC00231,2024-11-28,save_call,support_escalation
ACC00232,2024-06-19,billing_review,health_score
ACC00232,2024-08-24,billing_review,customer_request
ACC00232,2024-08-07,billing_review,csm_observation
ACC00233,2025-09-05,discount_offer,health_score
ACC00233,2025-08-16,roadmap_commitment,health_score
ACC00234,2024-08-13,exec_sponsor,customer_request
ACC00234,2024-06-06,success_review,health_score
ACC00234,2024-07-17,success_review,health_score
ACC00234,2024-10-07,billing_review,existing_alert
ACC00235,2024-05-08,exec_sponsor,csm_observation
ACC00235,2024-03-26,roadmap_commitment,csm_observation
ACC00235,2024-07-24,success_review,health_score
ACC00235,2024-06-02,roadmap_commitment,health_score
ACC00236,2025-03-30,success_review,existing_alert
ACC00236,2025-01-26,save_call,csm_observation
ACC00236,2025-06-11,billing_review,support_escalation
ACC00237,2024-04-09,training_session,health_score
ACC00238,2025-08-15,billing_review,health_score
ACC00238,2025-07-09,roadmap_commitment,customer_request
ACC00238,2025-08-10,training_session,csm_observation
ACC00239,2024-11-27,billing_review,health_score
ACC00240,2024-09-16,save_call,support_escalation
ACC00241,2024-10-19,training_session,health_score
ACC00241,2025-04-24,discount_offer,existing_alert
ACC00241,2024-10-22,success_review,support_escalation
ACC00241,2025-09-09,success_review,customer_request
ACC00242,2025-07-24,roadmap_commitment,support_escalation
ACC00242,2025-07-11,success_review,existing_alert
ACC00243,2024-08-28,roadmap_commitment,health_score
ACC00243,2024-09-04,exec_sponsor,customer_request
ACC00243,2024-09-11,discount_offer,existing_alert
ACC00244,2024-08-12,exec_sponsor,csm_observation
ACC00244,2024-09-27,roadmap_commitment,support_escalation
ACC00244,2024-09-02,discount_offer,customer_request
ACC00244,2024-12-08,save_call,existing_alert
ACC00245,2024-09-21,discount_offer,existing_alert
ACC00246,2025-06-27,roadmap_commitment,existing_alert
ACC00246,2024-09-23,save_call,existing_alert
ACC00246,2024-10-16,discount_offer,support_escalation
ACC00246,2024-11-14,discount_offer,health_score
ACC00247,2025-02-26,training_session,customer_request
ACC00247,2025-06-01,discount_offer,existing_alert
ACC00248,2024-11-05,discount_offer,csm_observation
ACC00248,2024-07-20,training_session,csm_observation
ACC00248,2025-05-18,discount_offer,existing_alert
ACC00248,2024-11-30,billing_review,existing_alert
ACC00249,2024-06-02,roadmap_commitment,support_escalation
ACC00250,2025-04-02,billing_review,health_score
ACC00250,2025-05-13,discount_offer,customer_request
ACC00250,2024-07-13,roadmap_commitment,existing_alert
ACC00250,2025-03-20,success_review,health_score
ACC00251,2025-09-22,training_session,support_escalation
ACC00252,2024-12-02,exec_sponsor,support_escalation
ACC00252,2024-08-15,billing_review,csm_observation
ACC00252,2024-10-21,discount_offer,support_escalation
ACC00253,2024-06-30,success_review,customer_request
ACC00254,2025-04-17,success_review,health_score
ACC00254,2025-03-21,save_call,support_escalation
ACC00254,2025-08-03,training_session,customer_request
ACC00255,2025-05-10,save_call,existing_alert
ACC00255,2025-03-13,roadmap_commitment,existing_alert
ACC00256,2025-04-18,roadmap_commitment,csm_observation
ACC00256,2025-02-28,save_call,csm_observation
ACC00257,2025-03-19,training_session,customer_request
ACC00257,2025-04-03,training_session,csm_observation
ACC00257,2024-10-22,discount_offer,support_escalation
ACC00257,2025-07-19,roadmap_commitment,existing_alert
ACC00258,2024-08-12,training_session,existing_alert
ACC00259,2025-07-03,success_review,existing_alert
ACC00260,2025-04-07,billing_review,csm_observation
ACC00261,2025-09-01,training_session,csm_observation
ACC00261,2025-06-19,training_session,health_score
ACC00261,2025-09-07,roadmap_commitment,existing_alert
ACC00262,2024-10-27,discount_offer,existing_alert
ACC00263,2025-06-09,success_review,customer_request
ACC00263,2025-05-01,save_call,customer_request
ACC00263,2025-08-17,roadmap_commitment,csm_observation
ACC00264,2025-09-09,exec_sponsor,support_escalation
ACC00264,2025-08-04,success_review,csm_observation
ACC00265,2024-08-14,save_call,csm_observation
ACC00265,2025-04-15,roadmap_commitment,customer_request
ACC00266,2024-04-23,success_review,support_escalation
ACC00266,2024-08-16,discount_offer,csm_observation
ACC00266,2024-05-02,save_call,health_score
ACC00266,2024-05-16,discount_offer,customer_request
ACC00267,2024-08-12,training_session,health_score
ACC00268,2025-03-13,roadmap_commitment,customer_request
ACC00269,2024-05-07,save_call,support_escalation
ACC00269,2024-07-11,discount_offer,health_score
ACC00270,2025-08-23,exec_sponsor,csm_observation
ACC00270,2025-11-02,discount_offer,csm_observation
ACC00270,2025-09-06,training_session,health_score
ACC00271,2025-06-29,training_session,csm_observation
ACC00271,2025-07-05,save_call,csm_observation
ACC00272,2024-11-23,exec_sponsor,csm_observation
ACC00272,2025-05-17,discount_offer,support_escalation
ACC00272,2025-09-03,roadmap_commitment,customer_request
ACC00272,2025-06-04,training_session,support_escalation
ACC00273,2025-05-10,discount_offer,customer_request
ACC00274,2025-03-16,roadmap_commitment,csm_observation
ACC00274,2024-07-22,billing_review,csm_observation
ACC00274,2025-07-27,save_call,csm_observation
ACC00275,2025-12-19,success_review,health_score
ACC00275,2025-11-11,roadmap_commitment,csm_observation
ACC00275,2025-09-06,success_review,customer_request
ACC00275,2025-10-11,training_session,csm_observation
ACC00276,2024-11-15,billing_review,existing_alert
ACC00277,2025-07-19,roadmap_commitment,csm_observation
ACC00277,2025-04-20,roadmap_commitment,existing_alert
ACC00277,2024-08-19,exec_sponsor,support_escalation
ACC00277,2025-05-15,save_call,support_escalation
ACC00278,2024-12-23,exec_sponsor,existing_alert
ACC00278,2024-08-14,success_review,support_escalation
ACC00278,2024-10-07,training_session,existing_alert
ACC00279,2024-08-30,training_session,support_escalation
ACC00280,2025-03-16,roadmap_commitment,support_escalation
ACC00280,2025-03-03,billing_review,csm_observation
ACC00280,2024-07-09,save_call,health_score
ACC00280,2024-09-03,billing_review,support_escalation
ACC00281,2025-05-05,discount_offer,health_score
ACC00281,2025-05-10,roadmap_commitment,existing_alert
ACC00281,2024-11-08,success_review,existing_alert
ACC00282,2024-10-09,exec_sponsor,csm_observation
ACC00282,2024-09-15,training_session,existing_alert
ACC00282,2024-10-27,success_review,support_escalation
ACC00283,2025-08-08,training_session,support_escalation
ACC00283,2025-09-05,discount_offer,health_score
ACC00284,2025-05-08,save_call,health_score
ACC00284,2025-09-06,exec_sponsor,csm_observation
ACC00284,2025-07-10,billing_review,existing_alert
ACC00284,2025-09-17,save_call,existing_alert
ACC00285,2025-08-08,exec_sponsor,existing_alert
ACC00285,2025-07-05,billing_review,existing_alert
ACC00285,2025-11-01,success_review,health_score
ACC00286,2025-01-04,discount_offer,existing_alert
ACC00286,2024-12-22,success_review,support_escalation
ACC00287,2025-09-03,save_call,csm_observation
ACC00287,2025-11-06,exec_sponsor,existing_alert
ACC00287,2025-10-25,success_review,customer_request
ACC00288,2025-08-19,exec_sponsor,customer_request
ACC00289,2025-08-14,billing_review,health_score
ACC00289,2025-08-09,save_call,support_escalation
ACC00289,2025-10-07,success_review,existing_alert
ACC00290,2025-04-29,training_session,customer_request
ACC00290,2025-05-04,discount_offer,support_escalation
ACC00290,2025-06-11,training_session,csm_observation
ACC00290,2025-06-25,training_session,health_score
ACC00291,2025-06-15,roadmap_commitment,health_score
ACC00291,2025-07-31,success_review,csm_observation
ACC00291,2025-06-04,discount_offer,health_score
ACC00291,2025-08-08,save_call,health_score
ACC00292,2025-03-19,exec_sponsor,existing_alert
ACC00293,2025-01-02,training_session,customer_request
ACC00293,2025-07-23,exec_sponsor,health_score
ACC00293,2025-01-05,billing_review,health_score
ACC00293,2025-08-13,billing_review,customer_request
ACC00294,2025-10-08,exec_sponsor,customer_request
ACC00294,2025-09-26,success_review,customer_request
ACC00294,2025-05-14,success_review,support_escalation
ACC00294,2025-10-25,billing_review,csm_observation
ACC00295,2025-01-29,training_session,health_score
ACC00296,2024-03-05,save_call,existing_alert
ACC00296,2024-02-09,training_session,csm_observation
ACC00297,2024-12-22,exec_sponsor,support_escalation
ACC00297,2024-09-19,exec_sponsor,health_score
ACC00297,2024-10-23,success_review,existing_alert
ACC00298,2024-08-04,exec_sponsor,health_score
ACC00298,2024-10-09,billing_review,customer_request
ACC00299,2024-07-15,training_session,health_score
ACC00299,2024-11-23,save_call,support_escalation
ACC00299,2024-07-07,roadmap_commitment,customer_request
ACC00300,2024-04-23,success_review,health_score
ACC00300,2024-05-31,exec_sponsor,existing_alert
ACC00300,2024-09-14,roadmap_commitment,health_score
ACC00301,2025-02-04,exec_sponsor,health_score
ACC00302,2024-07-30,exec_sponsor,csm_observation
ACC00302,2024-03-11,billing_review,support_escalation
ACC00302,2024-03-29,exec_sponsor,health_score
ACC00302,2024-03-25,training_session,health_score
ACC00303,2025-11-02,discount_offer,support_escalation
ACC00303,2025-10-03,success_review,csm_observation
ACC00303,2025-06-14,exec_sponsor,existing_alert
ACC00304,2024-06-15,exec_sponsor,csm_observation
ACC00304,2024-03-21,exec_sponsor,csm_observation
ACC00304,2024-06-12,billing_review,existing_alert
ACC00305,2025-08-12,training_session,existing_alert
ACC00306,2025-07-24,discount_offer,support_escalation
ACC00306,2025-02-03,success_review,support_escalation
ACC00307,2025-05-19,training_session,csm_observation
ACC00307,2025-05-03,success_review,customer_request
ACC00307,2025-07-27,save_call,customer_request
ACC00308,2025-08-17,save_call,support_escalation
ACC00309,2024-12-02,save_call,customer_request
ACC00310,2025-07-30,training_session,customer_request
ACC00310,2025-10-01,success_review,health_score
ACC00310,2025-10-04,training_session,health_score
ACC00311,2024-08-18,discount_offer,health_score
ACC00312,2025-04-15,training_session,existing_alert
ACC00312,2025-02-18,training_session,health_score
ACC00313,2025-07-20,save_call,csm_observation
ACC00314,2025-10-02,discount_offer,existing_alert
ACC00314,2025-09-19,success_review,health_score
ACC00314,2025-05-21,exec_sponsor,health_score
ACC00314,2025-07-25,save_call,support_escalation
ACC00315,2025-02-22,training_session,health_score
ACC00315,2025-07-30,training_session,customer_request
ACC00316,2025-03-28,exec_sponsor,csm_observation
ACC00317,2024-06-21,exec_sponsor,health_score
ACC00318,2025-05-29,exec_sponsor,health_score
ACC00318,2025-08-08,roadmap_commitment,support_escalation
ACC00319,2025-08-07,roadmap_commitment,health_score
ACC00319,2025-06-26,save_call,health_score
ACC00319,2025-08-06,save_call,health_score
ACC00319,2025-06-10,save_call,existing_alert
ACC00320,2024-12-23,billing_review,health_score
ACC00321,2025-06-28,discount_offer,customer_request
ACC00321,2025-08-05,exec_sponsor,support_escalation
ACC00321,2025-09-03,save_call,support_escalation
ACC00322,2024-08-06,training_session,customer_request
ACC00322,2024-12-06,billing_review,health_score
ACC00323,2025-06-07,success_review,health_score
ACC00323,2025-04-01,discount_offer,csm_observation
ACC00324,2025-08-19,training_session,support_escalation
ACC00324,2025-09-14,training_session,existing_alert
ACC00325,2025-09-19,save_call,existing_alert
ACC00326,2024-10-20,exec_sponsor,csm_observation
ACC00327,2024-07-09,roadmap_commitment,support_escalation
ACC00327,2024-05-26,exec_sponsor,health_score
ACC00327,2024-08-31,discount_offer,existing_alert
ACC00327,2024-06-06,roadmap_commitment,health_score
ACC00328,2024-06-12,exec_sponsor,existing_alert
ACC00329,2024-06-18,success_review,health_score
ACC00329,2024-04-04,save_call,health_score
ACC00329,2024-03-18,success_review,customer_request
ACC00330,2024-05-06,training_session,existing_alert
ACC00330,2024-06-26,roadmap_commitment,existing_alert
ACC00331,2025-08-30,exec_sponsor,support_escalation
ACC00331,2025-10-11,exec_sponsor,csm_observation
ACC00331,2025-06-24,exec_sponsor,existing_alert
ACC00331,2025-06-07,discount_offer,support_escalation
ACC00332,2025-07-25,roadmap_commitment,health_score
ACC00332,2025-07-15,roadmap_commitment,support_escalation
ACC00332,2025-06-03,billing_review,customer_request
ACC00332,2025-08-04,success_review,csm_observation
ACC00333,2025-07-04,exec_sponsor,customer_request
ACC00333,2025-08-31,roadmap_commitment,support_escalation
ACC00333,2025-08-05,success_review,existing_alert
ACC00333,2025-06-17,roadmap_commitment,csm_observation
ACC00334,2024-07-04,exec_sponsor,customer_request
ACC00334,2024-08-24,discount_offer,existing_alert
ACC00334,2024-05-29,success_review,existing_alert
ACC00334,2024-05-28,roadmap_commitment,csm_observation
ACC00335,2025-05-03,save_call,csm_observation
ACC00335,2025-04-03,exec_sponsor,csm_observation
ACC00335,2025-02-20,billing_review,existing_alert
ACC00336,2024-05-30,billing_review,health_score
ACC00336,2024-07-08,billing_review,health_score
ACC00337,2025-05-22,training_session,csm_observation
ACC00337,2024-08-11,billing_review,health_score
ACC00338,2024-02-29,billing_review,customer_request
ACC00338,2024-07-25,exec_sponsor,existing_alert
ACC00338,2024-03-16,billing_review,existing_alert
ACC00339,2024-04-15,discount_offer,customer_request
ACC00339,2024-05-22,billing_review,health_score
ACC00339,2024-07-17,success_review,customer_request
ACC00340,2025-05-07,discount_offer,customer_request
ACC00340,2025-01-02,training_session,health_score
ACC00341,2024-09-05,billing_review,customer_request
ACC00341,2024-07-28,exec_sponsor,csm_observation
ACC00342,2025-06-07,save_call,existing_alert
ACC00342,2025-04-21,save_call,csm_observation
ACC00342,2025-07-01,success_review,support_escalation
ACC00342,2025-04-17,discount_offer,csm_observation
ACC00343,2025-09-17,billing_review,existing_alert
ACC00343,2025-10-18,training_session,existing_alert
ACC00344,2024-06-22,save_call,support_escalation
ACC00344,2024-06-18,success_review,support_escalation
ACC00345,2024-09-06,training_session,customer_request
ACC00345,2024-06-01,save_call,support_escalation
ACC00345,2024-09-08,discount_offer,support_escalation
ACC00346,2025-09-27,success_review,existing_alert
ACC00346,2025-09-12,success_review,csm_observation
ACC00346,2025-09-19,save_call,existing_alert
ACC00347,2025-10-05,save_call,health_score
ACC00347,2025-10-19,save_call,customer_request
ACC00348,2024-08-27,billing_review,customer_request
ACC00348,2024-04-29,exec_sponsor,existing_alert
ACC00349,2024-10-02,roadmap_commitment,existing_alert
ACC00350,2024-09-28,success_review,existing_alert
ACC00350,2024-11-07,exec_sponsor,customer_request
ACC00350,2024-08-17,success_review,existing_alert
ACC00350,2024-08-30,training_session,support_escalation
ACC00351,2024-07-19,save_call,support_escalation
ACC00351,2024-09-05,training_session,customer_request
ACC00352,2024-07-03,save_call,health_score
ACC00352,2024-09-20,billing_review,csm_observation
ACC00352,2024-09-22,training_session,customer_request
ACC00353,2024-10-18,roadmap_commitment,health_score
ACC00354,2024-09-03,exec_sponsor,support_escalation
ACC00354,2024-05-16,roadmap_commitment,support_escalation
ACC00354,2024-08-07,training_session,existing_alert
ACC00355,2025-01-26,discount_offer,csm_observation
ACC00355,2025-01-17,roadmap_commitment,existing_alert
ACC00355,2025-01-19,success_review,health_score
ACC00355,2024-12-31,discount_offer,existing_alert
ACC00356,2024-07-10,roadmap_commitment,csm_observation
ACC00356,2024-05-03,exec_sponsor,existing_alert
ACC00356,2024-04-17,training_session,health_score
ACC00357,2025-07-28,save_call,health_score
ACC00358,2024-03-12,discount_offer,health_score
ACC00358,2024-06-20,save_call,csm_observation
ACC00358,2024-03-25,save_call,health_score
ACC00358,2024-03-23,success_review,existing_alert
ACC00359,2025-09-18,billing_review,support_escalation
ACC00359,2024-09-04,roadmap_commitment,customer_request
ACC00359,2024-08-20,exec_sponsor,existing_alert
ACC00360,2025-08-28,roadmap_commitment,support_escalation
ACC00360,2025-06-30,roadmap_commitment,existing_alert
ACC00360,2025-08-17,discount_offer,health_score
ACC00361,2025-09-17,billing_review,existing_alert
ACC00361,2025-10-09,roadmap_commitment,existing_alert
ACC00361,2025-08-23,exec_sponsor,csm_observation
ACC00361,2025-08-15,exec_sponsor,customer_request
ACC00362,2024-03-17,success_review,customer_request
ACC00363,2024-07-02,discount_offer,health_score
ACC00363,2024-07-15,save_call,existing_alert
ACC00363,2024-04-28,save_call,customer_request
ACC00363,2024-09-12,success_review,csm_observation
ACC00364,2025-06-11,exec_sponsor,customer_request
ACC00364,2025-03-09,success_review,csm_observation
ACC00364,2025-03-08,billing_review,existing_alert
ACC00364,2025-05-22,save_call,customer_request
ACC00365,2024-08-06,success_review,customer_request
ACC00365,2025-03-05,roadmap_commitment,support_escalation
ACC00365,2025-06-28,success_review,health_score
ACC00366,2025-10-16,billing_review,health_score
ACC00366,2025-08-28,discount_offer,existing_alert
ACC00366,2025-05-18,billing_review,customer_request
ACC00367,2024-08-27,save_call,customer_request
ACC00367,2025-09-08,discount_offer,csm_observation
ACC00367,2025-02-18,save_call,health_score
ACC00368,2024-10-11,discount_offer,customer_request
ACC00368,2024-12-21,discount_offer,existing_alert
ACC00369,2024-07-23,billing_review,health_score
ACC00370,2025-08-09,billing_review,csm_observation
ACC00370,2025-10-12,save_call,support_escalation
ACC00371,2025-02-04,exec_sponsor,support_escalation
ACC00371,2025-01-09,success_review,csm_observation
ACC00371,2025-01-16,exec_sponsor,existing_alert
ACC00372,2025-04-26,success_review,health_score
ACC00372,2025-05-15,success_review,customer_request
ACC00372,2025-07-12,save_call,existing_alert
ACC00373,2025-05-27,billing_review,existing_alert
ACC00373,2025-05-04,roadmap_commitment,customer_request
ACC00374,2025-02-21,roadmap_commitment,csm_observation
ACC00374,2025-06-19,training_session,support_escalation
ACC00375,2025-05-28,training_session,health_score
ACC00375,2025-02-28,discount_offer,health_score
ACC00375,2025-03-27,save_call,health_score
ACC00375,2025-02-14,training_session,customer_request
ACC00376,2025-05-09,roadmap_commitment,csm_observation
ACC00377,2024-12-13,roadmap_commitment,csm_observation
ACC00378,2025-06-23,exec_sponsor,customer_request
ACC00378,2025-06-21,exec_sponsor,health_score
ACC00378,2025-06-23,training_session,csm_observation
ACC00378,2025-04-20,training_session,customer_request
ACC00379,2025-05-31,success_review,existing_alert
ACC00379,2025-09-02,discount_offer,health_score
ACC00379,2025-07-24,success_review,support_escalation
ACC00380,2024-05-13,success_review,support_escalation
ACC00380,2024-08-02,discount_offer,customer_request
ACC00381,2024-09-06,exec_sponsor,customer_request
ACC00381,2024-11-20,success_review,existing_alert
ACC00382,2025-10-21,roadmap_commitment,support_escalation
ACC00382,2025-09-15,exec_sponsor,existing_alert
ACC00383,2024-08-07,exec_sponsor,support_escalation
ACC00384,2025-09-18,success_review,existing_alert
ACC00384,2025-05-31,roadmap_commitment,support_escalation
ACC00384,2025-06-23,roadmap_commitment,health_score
ACC00384,2024-08-27,roadmap_commitment,health_score
ACC00385,2024-07-10,save_call,support_escalation
ACC00385,2024-09-29,save_call,health_score
ACC00385,2024-07-08,success_review,health_score
ACC00386,2025-06-21,discount_offer,existing_alert
ACC00386,2025-07-04,roadmap_commitment,customer_request
ACC00386,2025-02-13,success_review,existing_alert
ACC00387,2025-09-18,success_review,customer_request
ACC00388,2024-06-16,save_call,customer_request
ACC00388,2024-03-06,exec_sponsor,health_score
ACC00388,2024-05-16,training_session,customer_request
ACC00389,2024-06-05,success_review,support_escalation
ACC00389,2024-05-31,success_review,health_score
ACC00389,2024-07-05,success_review,csm_observation
ACC00389,2024-05-23,success_review,csm_observation
ACC00390,2025-08-02,exec_sponsor,customer_request
ACC00391,2024-06-05,discount_offer,csm_observation
ACC00392,2024-08-13,exec_sponsor,csm_observation
ACC00392,2024-10-21,billing_review,support_escalation
ACC00392,2024-07-06,billing_review,csm_observation
ACC00392,2024-08-10,training_session,existing_alert
ACC00393,2025-11-28,exec_sponsor,csm_observation
ACC00394,2025-02-20,billing_review,support_escalation
ACC00394,2024-11-20,exec_sponsor,support_escalation
ACC00395,2025-06-07,billing_review,existing_alert
ACC00395,2025-10-18,billing_review,support_escalation
ACC00396,2024-08-28,roadmap_commitment,support_escalation
ACC00396,2025-09-16,billing_review,health_score
ACC00396,2024-12-28,billing_review,customer_request
ACC00397,2024-07-07,discount_offer,customer_request
ACC00397,2025-07-31,success_review,health_score
ACC00398,2025-06-26,training_session,health_score
ACC00398,2025-09-06,billing_review,support_escalation
ACC00398,2025-09-27,discount_offer,support_escalation
ACC00399,2024-06-18,success_review,customer_request
ACC00399,2024-10-14,exec_sponsor,support_escalation
ACC00399,2024-06-16,save_call,csm_observation
ACC00400,2024-08-02,roadmap_commitment,health_score
ACC00401,2024-05-29,roadmap_commitment,health_score
ACC00401,2024-06-29,roadmap_commitment,existing_alert
ACC00401,2024-09-22,discount_offer,csm_observation
ACC00402,2024-12-28,exec_sponsor,health_score
ACC00402,2025-06-20,roadmap_commitment,existing_alert
ACC00402,2025-07-01,save_call,support_escalation
ACC00402,2025-07-05,exec_sponsor,existing_alert
ACC00403,2024-07-04,discount_offer,csm_observation
ACC00404,2024-06-23,success_review,customer_request
ACC00404,2024-09-24,success_review,health_score
ACC00404,2024-08-30,discount_offer,health_score
ACC00405,2024-06-10,discount_offer,support_escalation
ACC00406,2025-06-13,billing_review,support_escalation
ACC00407,2024-08-02,save_call,customer_request
ACC00407,2024-07-01,training_session,existing_alert
ACC00407,2024-06-08,exec_sponsor,support_escalation
ACC00408,2025-04-19,save_call,health_score
ACC00408,2025-04-15,roadmap_commitment,support_escalation
ACC00408,2025-07-08,success_review,existing_alert
ACC00409,2025-06-05,discount_offer,customer_request
ACC00410,2025-05-16,billing_review,csm_observation
ACC00411,2024-06-08,training_session,customer_request
ACC00412,2025-03-08,roadmap_commitment,support_escalation
ACC00413,2024-10-20,training_session,health_score
ACC00413,2025-08-01,exec_sponsor,csm_observation
ACC00414,2025-04-19,discount_offer,customer_request
ACC00414,2025-06-07,discount_offer,support_escalation
ACC00415,2025-10-30,roadmap_commitment,support_escalation
ACC00415,2025-09-12,save_call,health_score
ACC00415,2025-09-23,roadmap_commitment,support_escalation
ACC00416,2025-07-08,roadmap_commitment,existing_alert
ACC00416,2025-10-20,training_session,existing_alert
ACC00416,2025-10-10,exec_sponsor,csm_observation
ACC00417,2025-07-26,roadmap_commitment,health_score
ACC00417,2025-07-21,discount_offer,health_score
ACC00417,2025-08-29,discount_offer,existing_alert
ACC00417,2025-08-21,discount_offer,existing_alert
ACC00418,2025-09-19,discount_offer,support_escalation
ACC00418,2025-09-16,exec_sponsor,customer_request
ACC00418,2025-05-20,save_call,health_score
ACC00419,2025-06-19,success_review,health_score
ACC00419,2025-06-24,exec_sponsor,health_score
ACC00419,2025-04-13,billing_review,customer_request
ACC00419,2025-08-05,training_session,customer_request
ACC00420,2024-05-30,training_session,health_score
ACC00421,2025-08-10,success_review,support_escalation
ACC00422,2024-11-02,training_session,health_score
ACC00422,2025-05-06,exec_sponsor,support_escalation
ACC00422,2025-08-25,success_review,support_escalation
ACC00423,2025-11-20,billing_review,health_score
ACC00423,2025-11-26,discount_offer,csm_observation
ACC00424,2025-08-30,save_call,health_score
ACC00425,2024-10-13,discount_offer,customer_request
ACC00425,2024-09-17,training_session,customer_request
ACC00425,2024-12-26,billing_review,support_escalation
ACC00425,2024-10-19,save_call,customer_request
ACC00426,2025-08-29,roadmap_commitment,support_escalation
ACC00426,2025-12-02,discount_offer,support_escalation
ACC00427,2024-12-11,success_review,csm_observation
ACC00428,2024-12-26,training_session,customer_request
ACC00428,2025-06-29,discount_offer,health_score
ACC00429,2024-05-23,roadmap_commitment,existing_alert
ACC00430,2025-08-21,discount_offer,customer_request
ACC00430,2025-08-25,success_review,existing_alert
ACC00430,2025-11-13,exec_sponsor,customer_request
ACC00430,2025-07-13,save_call,customer_request
ACC00431,2024-10-20,exec_sponsor,existing_alert
ACC00431,2025-02-03,save_call,health_score
ACC00431,2025-02-01,roadmap_commitment,existing_alert
ACC00432,2025-04-02,roadmap_commitment,customer_request
ACC00432,2025-06-21,save_call,support_escalation
ACC00432,2024-08-07,discount_offer,existing_alert
ACC00432,2024-09-23,save_call,csm_observation
ACC00433,2024-09-21,billing_review,csm_observation
ACC00434,2025-03-22,exec_sponsor,csm_observation
ACC00434,2025-03-02,save_call,health_score
ACC00434,2025-05-22,training_session,customer_request
ACC00434,2025-04-13,roadmap_commitment,customer_request
ACC00435,2025-03-22,billing_review,health_score
ACC00435,2025-01-13,roadmap_commitment,support_escalation
ACC00435,2025-03-13,exec_sponsor,csm_observation
ACC00435,2024-12-09,exec_sponsor,support_escalation
ACC00436,2024-07-07,roadmap_commitment,csm_observation
ACC00437,2024-07-24,save_call,customer_request
ACC00437,2024-05-12,billing_review,csm_observation
ACC00437,2024-04-22,roadmap_commitment,csm_observation
ACC00438,2025-09-10,billing_review,customer_request
ACC00438,2025-10-10,save_call,csm_observation
ACC00438,2025-05-29,success_review,health_score
ACC00439,2025-03-17,discount_offer,csm_observation
ACC00439,2025-02-18,training_session,support_escalation
ACC00439,2025-07-08,save_call,existing_alert
ACC00440,2025-03-01,exec_sponsor,csm_observation
ACC00440,2025-02-23,training_session,existing_alert
ACC00440,2025-02-07,training_session,health_score
ACC00440,2025-06-29,save_call,support_escalation
ACC00441,2025-03-09,exec_sponsor,csm_observation
ACC00441,2025-05-06,save_call,csm_observation
ACC00441,2025-05-10,success_review,customer_request
ACC00442,2025-03-22,exec_sponsor,existing_alert
ACC00442,2024-06-24,discount_offer,customer_request
ACC00442,2025-08-14,billing_review,customer_request
ACC00443,2024-08-05,training_session,support_escalation
ACC00444,2025-10-29,roadmap_commitment,support_escalation
ACC00444,2025-09-05,training_session,csm_observation
ACC00444,2025-07-10,exec_sponsor,csm_observation
ACC00445,2025-10-14,save_call,health_score
ACC00445,2024-09-04,training_session,support_escalation
ACC00445,2024-06-28,billing_review,health_score
ACC00445,2025-07-13,roadmap_commitment,customer_request
ACC00446,2024-09-05,success_review,existing_alert
ACC00446,2025-03-03,discount_offer,customer_request
ACC00447,2024-06-05,training_session,support_escalation
ACC00448,2025-09-23,training_session,health_score
ACC00449,2025-11-22,exec_sponsor,support_escalation
ACC00449,2025-10-10,exec_sponsor,csm_observation
ACC00450,2025-04-03,save_call,csm_observation
ACC00450,2025-04-18,discount_offer,customer_request
ACC00450,2025-07-25,exec_sponsor,health_score
ACC00451,2025-01-31,billing_review,csm_observation
ACC00451,2024-12-04,roadmap_commitment,health_score
ACC00451,2024-06-05,billing_review,existing_alert
ACC00452,2024-06-09,success_review,existing_alert
ACC00452,2024-10-17,roadmap_commitment,customer_request
ACC00453,2024-06-30,roadmap_commitment,support_escalation
ACC00453,2024-03-13,billing_review,existing_alert
ACC00454,2024-08-21,save_call,existing_alert
ACC00454,2025-10-05,save_call,csm_observation
ACC00454,2025-10-11,save_call,csm_observation
ACC00455,2025-08-15,success_review,csm_observation
ACC00455,2025-06-29,billing_review,existing_alert
ACC00455,2025-07-26,training_session,csm_observation
ACC00456,2024-07-26,save_call,customer_request
ACC00457,2024-12-02,roadmap_commitment,support_escalation
ACC00457,2025-01-19,exec_sponsor,existing_alert
ACC00457,2024-12-12,roadmap_commitment,existing_alert
ACC00458,2024-09-05,billing_review,health_score
ACC00458,2024-09-26,billing_review,existing_alert
ACC00458,2024-09-04,success_review,customer_request
ACC00458,2024-06-18,training_session,csm_observation
ACC00459,2024-10-27,success_review,existing_alert
ACC00460,2025-06-08,discount_offer,health_score
ACC00460,2025-05-13,billing_review,support_escalation
ACC00460,2025-05-01,exec_sponsor,customer_request
ACC00460,2025-09-04,roadmap_commitment,health_score
ACC00461,2025-08-26,discount_offer,customer_request
ACC00462,2024-06-04,roadmap_commitment,support_escalation
ACC00462,2024-05-26,success_review,csm_observation
ACC00463,2025-04-14,roadmap_commitment,csm_observation
ACC00463,2025-07-19,billing_review,existing_alert
ACC00464,2025-06-27,roadmap_commitment,support_escalation
ACC00464,2025-10-28,discount_offer,csm_observation
ACC00465,2024-09-26,success_review,support_escalation
ACC00465,2024-09-26,success_review,customer_request
ACC00465,2025-08-04,save_call,existing_alert
ACC00465,2024-08-02,discount_offer,support_escalation
ACC00466,2025-03-08,training_session,csm_observation
ACC00466,2025-02-28,exec_sponsor,existing_alert
ACC00466,2025-02-14,roadmap_commitment,existing_alert
ACC00467,2024-04-02,save_call,existing_alert
ACC00467,2024-05-29,training_session,csm_observation
ACC00468,2024-07-16,training_session,support_escalation
ACC00468,2024-06-16,discount_offer,health_score
ACC00468,2024-12-22,success_review,customer_request
ACC00469,2025-04-27,discount_offer,csm_observation
ACC00469,2025-03-26,roadmap_commitment,customer_request
ACC00470,2025-02-28,roadmap_commitment,existing_alert
ACC00470,2024-07-09,success_review,health_score
ACC00471,2025-07-17,exec_sponsor,customer_request
ACC00472,2025-04-05,save_call,support_escalation
ACC00472,2025-01-29,roadmap_commitment,support_escalation
ACC00472,2024-12-08,billing_review,health_score
ACC00472,2024-07-18,save_call,csm_observation
ACC00473,2025-02-13,billing_review,csm_observation
ACC00473,2024-11-01,discount_offer,support_escalation
ACC00473,2024-11-25,exec_sponsor,customer_request
ACC00474,2025-02-06,success_review,existing_alert
ACC00475,2025-07-07,success_review,existing_alert
ACC00476,2025-09-25,discount_offer,support_escalation
ACC00477,2024-09-29,training_session,health_score
ACC00477,2024-09-07,discount_offer,support_escalation
ACC00477,2024-09-02,discount_offer,health_score
ACC00477,2024-11-03,discount_offer,existing_alert
ACC00478,2025-05-02,billing_review,health_score
ACC00478,2025-07-24,exec_sponsor,csm_observation
ACC00478,2025-04-01,discount_offer,customer_request
ACC00478,2025-07-23,discount_offer,support_escalation
ACC00479,2024-09-19,success_review,csm_observation
ACC00480,2025-11-07,billing_review,csm_observation
ACC00481,2024-09-07,training_session,csm_observation
ACC00481,2024-10-21,training_session,customer_request
ACC00481,2024-09-26,training_session,support_escalation
ACC00482,2025-07-04,success_review,support_escalation
ACC00482,2025-10-03,discount_offer,customer_request
ACC00483,2024-10-31,discount_offer,health_score
ACC00483,2024-06-22,exec_sponsor,support_escalation
ACC00483,2024-11-07,success_review,customer_request
ACC00484,2025-11-26,success_review,customer_request
ACC00484,2025-12-22,discount_offer,support_escalation
ACC00484,2025-07-20,training_session,customer_request
ACC00485,2024-03-23,training_session,support_escalation
ACC00486,2024-11-15,roadmap_commitment,health_score
ACC00486,2025-02-12,exec_sponsor,support_escalation
ACC00487,2025-06-15,save_call,existing_alert
ACC00487,2025-07-10,exec_sponsor,csm_observation
ACC00487,2025-03-30,billing_review,existing_alert
ACC00488,2024-07-05,discount_offer,existing_alert
ACC00488,2024-06-10,exec_sponsor,csm_observation
ACC00489,2025-01-23,discount_offer,existing_alert
ACC00489,2025-04-24,exec_sponsor,health_score
ACC00489,2025-02-18,exec_sponsor,existing_alert
ACC00490,2025-07-01,save_call,customer_request
ACC00490,2024-11-11,save_call,support_escalation
ACC00490,2025-10-01,exec_sponsor,health_score
ACC00490,2024-07-16,billing_review,csm_observation
ACC00491,2025-07-12,success_review,customer_request
ACC00492,2025-07-07,roadmap_commitment,csm_observation
ACC00492,2025-07-20,exec_sponsor,health_score
ACC00492,2025-05-02,success_review,csm_observation
ACC00493,2024-04-12,success_review,support_escalation
ACC00493,2024-06-07,exec_sponsor,csm_observation
ACC00493,2024-05-05,training_session,csm_observation
ACC00493,2024-03-06,billing_review,support_escalation
ACC00494,2024-05-02,roadmap_commitment,support_escalation
ACC00494,2024-08-18,roadmap_commitment,support_escalation
ACC00494,2024-05-01,exec_sponsor,csm_observation
ACC00495,2024-11-12,roadmap_commitment,health_score
ACC00496,2024-02-25,exec_sponsor,health_score
ACC00496,2024-02-23,roadmap_commitment,existing_alert
ACC00496,2024-05-08,success_review,health_score
ACC00497,2025-05-04,training_session,support_escalation
ACC00497,2025-03-14,exec_sponsor,health_score
ACC00498,2025-02-11,exec_sponsor,csm_observation
ACC00499,2024-07-20,discount_offer,existing_alert
ACC00499,2025-06-01,training_session,customer_request
ACC00499,2024-11-18,save_call,existing_alert
ACC00499,2024-08-19,success_review,csm_observation
ACC00500,2025-10-08,roadmap_commitment,support_escalation
ACC00500,2024-06-27,discount_offer,health_score
ACC00500,2024-10-27,billing_review,health_score
ACC00501,2024-08-21,discount_offer,customer_request
ACC00501,2024-05-09,exec_sponsor,support_escalation
ACC00502,2024-09-06,discount_offer,customer_request
ACC00502,2024-09-16,exec_sponsor,health_score
ACC00502,2024-10-24,training_session,existing_alert
ACC00503,2025-09-11,roadmap_commitment,health_score
ACC00503,2025-09-04,success_review,csm_observation
ACC00503,2025-11-15,save_call,existing_alert
ACC00503,2025-06-29,save_call,support_escalation
ACC00504,2025-01-03,training_session,customer_request
ACC00504,2025-05-25,save_call,customer_request
ACC00505,2024-07-22,success_review,existing_alert
ACC00506,2025-04-23,discount_offer,customer_request
ACC00506,2024-12-23,training_session,support_escalation
ACC00506,2024-12-30,billing_review,customer_request
ACC00507,2025-08-26,billing_review,support_escalation
ACC00507,2024-09-05,roadmap_commitment,health_score
ACC00507,2025-06-21,billing_review,health_score
ACC00507,2024-09-26,exec_sponsor,existing_alert
ACC00508,2025-09-16,roadmap_commitment,support_escalation
ACC00508,2025-08-28,discount_offer,health_score
ACC00509,2024-11-28,success_review,existing_alert
ACC00509,2024-06-25,save_call,csm_observation
ACC00510,2024-07-01,success_review,support_escalation
ACC00511,2024-06-16,roadmap_commitment,csm_observation
ACC00511,2024-09-23,exec_sponsor,existing_alert
ACC00511,2024-09-27,roadmap_commitment,existing_alert
ACC00511,2024-08-31,training_session,existing_alert
ACC00512,2024-03-04,exec_sponsor,csm_observation
ACC00512,2024-02-29,discount_offer,existing_alert
ACC00512,2024-06-23,success_review,health_score
ACC00513,2025-06-09,training_session,existing_alert
ACC00513,2025-08-07,training_session,existing_alert
ACC00514,2024-06-20,exec_sponsor,csm_observation
ACC00514,2025-03-28,roadmap_commitment,support_escalation
ACC00515,2024-11-28,billing_review,csm_observation
ACC00516,2024-10-31,save_call,health_score
ACC00516,2024-09-10,discount_offer,health_score
ACC00516,2024-11-27,billing_review,health_score
ACC00517,2024-06-04,save_call,existing_alert
ACC00517,2024-06-28,discount_offer,existing_alert
ACC00518,2025-01-02,success_review,health_score
ACC00518,2025-03-16,roadmap_commitment,customer_request
ACC00518,2025-09-02,success_review,csm_observation
ACC00519,2025-07-09,training_session,existing_alert
ACC00519,2025-08-06,training_session,customer_request
ACC00519,2025-03-08,training_session,health_score
ACC00519,2025-09-24,exec_sponsor,existing_alert
ACC00520,2024-07-14,success_review,existing_alert
ACC00520,2024-06-15,discount_offer,support_escalation
ACC00520,2024-05-24,roadmap_commitment,customer_request
ACC00520,2024-10-31,billing_review,health_score
ACC00521,2024-06-13,billing_review,support_escalation
ACC00521,2024-06-21,billing_review,csm_observation
ACC00521,2024-10-25,success_review,csm_observation
ACC00521,2024-06-29,save_call,support_escalation
ACC00522,2024-07-29,training_session,customer_request
ACC00522,2024-07-30,training_session,support_escalation
ACC00523,2025-05-20,billing_review,customer_request
ACC00523,2025-08-18,roadmap_commitment,health_score
ACC00523,2024-06-06,exec_sponsor,support_escalation
ACC00523,2024-09-08,success_review,customer_request
ACC00524,2025-02-18,success_review,customer_request
ACC00524,2025-04-28,roadmap_commitment,health_score
ACC00524,2024-07-24,billing_review,customer_request
ACC00525,2024-08-23,billing_review,existing_alert
ACC00525,2025-05-26,success_review,existing_alert
ACC00526,2025-08-14,exec_sponsor,support_escalation
ACC00527,2025-07-30,discount_offer,csm_observation
ACC00527,2025-07-21,roadmap_commitment,existing_alert
ACC00527,2025-10-04,billing_review,support_escalation
ACC00528,2025-09-02,roadmap_commitment,customer_request
ACC00528,2025-07-02,discount_offer,existing_alert
ACC00528,2025-09-19,success_review,csm_observation
ACC00529,2025-04-17,exec_sponsor,support_escalation
ACC00530,2024-06-06,roadmap_commitment,csm_observation
ACC00530,2024-10-01,save_call,csm_observation
ACC00530,2025-06-06,save_call,customer_request
ACC00530,2025-10-13,billing_review,csm_observation
ACC00531,2025-08-02,roadmap_commitment,existing_alert
ACC00531,2024-06-29,success_review,customer_request
ACC00531,2024-06-03,success_review,health_score
ACC00532,2025-01-06,exec_sponsor,csm_observation
ACC00532,2025-01-27,success_review,existing_alert
ACC00532,2025-06-28,training_session,customer_request
ACC00532,2024-09-05,training_session,support_escalation
ACC00533,2025-09-17,discount_offer,customer_request
ACC00534,2024-11-09,discount_offer,health_score
ACC00534,2024-08-23,roadmap_commitment,csm_observation
ACC00535,2025-02-06,roadmap_commitment,customer_request
ACC00535,2025-09-04,success_review,csm_observation
ACC00536,2025-03-24,roadmap_commitment,health_score
ACC00536,2025-03-05,save_call,health_score
ACC00536,2025-10-04,training_session,existing_alert
ACC00537,2024-09-14,billing_review,support_escalation
ACC00537,2024-06-12,success_review,health_score
ACC00538,2024-09-24,roadmap_commitment,support_escalation
ACC00539,2024-05-07,discount_offer,health_score
ACC00539,2024-08-21,save_call,support_escalation
ACC00539,2024-04-27,save_call,customer_request
ACC00540,2025-04-26,exec_sponsor,customer_request
ACC00540,2025-03-19,exec_sponsor,csm_observation
ACC00540,2025-03-24,training_session,customer_request
ACC00540,2025-04-03,billing_review,support_escalation
ACC00541,2025-03-04,discount_offer,customer_request
ACC00541,2024-07-26,save_call,health_score
ACC00542,2025-07-16,training_session,existing_alert
ACC00542,2025-11-10,billing_review,csm_observation
ACC00542,2025-07-07,success_review,customer_request
ACC00542,2025-11-09,roadmap_commitment,health_score
ACC00543,2024-05-30,training_session,existing_alert
ACC00543,2024-05-01,training_session,support_escalation
ACC00543,2024-07-08,exec_sponsor,existing_alert
ACC00543,2024-04-16,discount_offer,csm_observation
ACC00544,2024-04-04,exec_sponsor,csm_observation
ACC00545,2024-09-17,billing_review,support_escalation
ACC00546,2025-08-29,success_review,existing_alert
ACC00546,2025-05-08,training_session,existing_alert
ACC00546,2025-07-07,roadmap_commitment,support_escalation
ACC00547,2025-04-21,exec_sponsor,existing_alert
ACC00548,2024-11-11,discount_offer,health_score
ACC00548,2024-11-15,save_call,customer_request
ACC00548,2024-07-27,roadmap_commitment,health_score
ACC00549,2024-08-01,save_call,existing_alert
ACC00550,2024-12-03,save_call,existing_alert
ACC00550,2025-04-30,roadmap_commitment,existing_alert
ACC00550,2024-10-16,training_session,health_score
ACC00550,2025-01-01,roadmap_commitment,customer_request
ACC00551,2025-04-11,billing_review,csm_observation
ACC00552,2025-06-25,roadmap_commitment,existing_alert
ACC00552,2024-08-27,exec_sponsor,customer_request
ACC00552,2024-07-21,training_session,support_escalation
ACC00552,2025-09-30,save_call,support_escalation
ACC00553,2024-06-10,save_call,support_escalation
ACC00554,2025-09-10,billing_review,health_score
ACC00554,2025-12-27,discount_offer,support_escalation
ACC00554,2025-08-13,success_review,csm_observation
ACC00554,2025-12-22,save_call,csm_observation
ACC00555,2025-08-17,discount_offer,health_score
ACC00555,2024-09-05,exec_sponsor,health_score
ACC00555,2024-06-27,save_call,csm_observation
ACC00556,2024-08-18,save_call,existing_alert
ACC00556,2024-08-31,discount_offer,existing_alert
ACC00557,2024-07-01,billing_review,existing_alert
ACC00557,2024-07-21,roadmap_commitment,health_score
ACC00557,2024-08-25,billing_review,support_escalation
ACC00558,2025-01-01,training_session,csm_observation
ACC00558,2025-04-21,training_session,csm_observation
ACC00559,2024-01-13,training_session,existing_alert
ACC00559,2024-05-03,save_call,existing_alert
ACC00559,2024-01-30,save_call,csm_observation
ACC00560,2024-08-19,discount_offer,health_score
ACC00560,2024-08-28,success_review,health_score
ACC00560,2024-08-12,save_call,support_escalation
ACC00560,2024-08-29,success_review,customer_request
ACC00561,2024-09-07,billing_review,csm_observation
ACC00561,2024-09-04,exec_sponsor,existing_alert
ACC00562,2024-05-17,billing_review,existing_alert
ACC00562,2024-09-16,success_review,health_score
ACC00563,2024-09-27,discount_offer,existing_alert
ACC00563,2024-11-13,billing_review,support_escalation
ACC00564,2025-01-06,billing_review,csm_observation
ACC00564,2024-11-17,discount_offer,support_escalation
ACC00564,2025-01-24,roadmap_commitment,existing_alert
ACC00565,2024-06-22,discount_offer,customer_request
ACC00566,2024-09-12,save_call,support_escalation
ACC00566,2024-05-30,billing_review,csm_observation
ACC00567,2024-04-19,training_session,support_escalation
ACC00568,2025-06-21,discount_offer,customer_request
ACC00568,2025-06-12,success_review,health_score
ACC00568,2025-06-05,success_review,support_escalation
ACC00569,2024-10-23,billing_review,existing_alert
ACC00569,2024-11-02,training_session,health_score
ACC00569,2025-08-01,success_review,health_score
ACC00569,2025-06-08,save_call,customer_request
ACC00570,2024-07-20,save_call,csm_observation
ACC00570,2024-05-29,roadmap_commitment,csm_observation
ACC00570,2024-08-17,discount_offer,support_escalation
ACC00571,2025-06-03,discount_offer,health_score
ACC00571,2025-10-15,success_review,support_escalation
ACC00571,2025-10-14,billing_review,csm_observation
ACC00572,2024-06-21,roadmap_commitment,support_escalation
ACC00572,2024-08-05,save_call,csm_observation
ACC00573,2025-10-27,success_review,support_escalation
ACC00573,2025-12-11,roadmap_commitment,existing_alert
ACC00573,2025-09-09,save_call,health_score
ACC00574,2025-07-12,training_session,health_score
ACC00575,2025-07-06,success_review,health_score
ACC00575,2025-05-25,success_review,customer_request
ACC00576,2024-08-25,save_call,customer_request
ACC00577,2025-01-27,roadmap_commitment,csm_observation
ACC00578,2025-05-12,roadmap_commitment,customer_request
ACC00578,2025-03-14,save_call,existing_alert
ACC00579,2025-05-31,save_call,support_escalation
ACC00579,2025-06-01,roadmap_commitment,customer_request
ACC00579,2025-09-10,roadmap_commitment,health_score
ACC00580,2025-07-31,roadmap_commitment,customer_request
ACC00580,2025-07-31,billing_review,customer_request
ACC00580,2025-07-21,discount_offer,health_score
ACC00581,2024-05-17,training_session,support_escalation
ACC00581,2024-08-01,roadmap_commitment,existing_alert
ACC00582,2025-02-20,billing_review,existing_alert
ACC00582,2025-09-28,roadmap_commitment,existing_alert
ACC00583,2024-06-06,success_review,csm_observation
ACC00583,2024-06-29,roadmap_commitment,csm_observation
ACC00583,2024-03-07,roadmap_commitment,existing_alert
ACC00583,2024-08-04,exec_sponsor,csm_observation
ACC00584,2025-11-29,roadmap_commitment,support_escalation
ACC00584,2025-07-10,roadmap_commitment,health_score
ACC00585,2025-06-16,discount_offer,support_escalation
ACC00586,2024-09-30,success_review,customer_request
ACC00586,2024-09-27,discount_offer,customer_request
ACC00586,2024-11-19,success_review,existing_alert
ACC00587,2024-11-11,discount_offer,customer_request
ACC00587,2025-03-10,exec_sponsor,existing_alert
ACC00587,2025-01-06,exec_sponsor,csm_observation
ACC00588,2025-02-08,discount_offer,support_escalation
ACC00589,2025-01-21,discount_offer,existing_alert
ACC00589,2024-12-07,training_session,health_score
ACC00589,2025-02-18,roadmap_commitment,support_escalation
ACC00590,2025-09-26,exec_sponsor,csm_observation
ACC00590,2025-07-09,billing_review,health_score
ACC00590,2025-06-10,training_session,support_escalation
ACC00591,2025-03-17,roadmap_commitment,health_score
ACC00591,2025-03-21,billing_review,health_score
ACC00591,2025-03-27,discount_offer,support_escalation
ACC00592,2024-06-19,training_session,health_score
ACC00593,2024-06-12,training_session,customer_request
ACC00593,2024-06-04,save_call,csm_observation
ACC00594,2024-01-22,success_review,health_score
ACC00594,2024-05-04,save_call,health_score
ACC00594,2024-05-03,save_call,support_escalation
ACC00595,2025-09-02,save_call,health_score
ACC00595,2025-02-25,billing_review,health_score
ACC00595,2025-04-22,success_review,customer_request
ACC00596,2024-04-04,billing_review,customer_request
ACC00597,2025-06-21,billing_review,customer_request
ACC00597,2025-09-14,roadmap_commitment,csm_observation
ACC00598,2025-06-28,save_call,health_score
ACC00598,2025-08-04,success_review,csm_observation
ACC00599,2025-10-18,success_review,customer_request
ACC00599,2025-08-26,success_review,csm_observation
ACC00600,2024-08-13,discount_offer,support_escalation
ACC00600,2024-07-03,billing_review,existing_alert
ACC00600,2024-10-03,success_review,csm_observation
ACC00601,2024-10-14,training_session,health_score
ACC00602,2024-08-14,discount_offer,customer_request
ACC00602,2024-10-12,save_call,existing_alert
ACC00602,2024-10-13,discount_offer,support_escalation
ACC00602,2024-07-12,discount_offer,csm_observation
ACC00603,2024-11-04,training_session,existing_alert
ACC00604,2025-05-28,success_review,support_escalation
ACC00604,2025-06-11,training_session,csm_observation
ACC00604,2025-05-24,billing_review,customer_request
ACC00604,2025-10-23,discount_offer,support_escalation
ACC00605,2024-05-23,billing_review,existing_alert
ACC00606,2024-11-08,save_call,health_score
ACC00606,2024-09-19,success_review,health_score
ACC00606,2024-12-12,roadmap_commitment,health_score
ACC00606,2024-09-21,exec_sponsor,csm_observation
ACC00607,2024-03-31,training_session,health_score
ACC00607,2024-04-04,roadmap_commitment,health_score
ACC00607,2024-06-08,training_session,support_escalation
ACC00608,2024-08-30,exec_sponsor,csm_observation
ACC00608,2024-07-03,save_call,csm_observation
ACC00609,2025-10-07,billing_review,existing_alert
ACC00609,2025-07-08,success_review,csm_observation
ACC00609,2025-11-16,billing_review,health_score
ACC00610,2025-08-10,training_session,health_score
ACC00610,2025-07-21,success_review,csm_observation
ACC00610,2025-08-12,save_call,health_score
ACC00610,2025-04-22,training_session,csm_observation
ACC00611,2024-09-23,training_session,existing_alert
ACC00611,2024-06-26,roadmap_commitment,health_score
ACC00611,2024-08-13,exec_sponsor,existing_alert
ACC00611,2024-09-22,training_session,support_escalation
ACC00612,2024-07-14,training_session,customer_request
ACC00612,2025-09-09,success_review,csm_observation
ACC00613,2024-07-10,success_review,existing_alert
ACC00613,2024-05-17,billing_review,support_escalation
ACC00613,2024-04-21,save_call,support_escalation
ACC00614,2024-10-09,training_session,existing_alert
ACC00614,2024-11-26,exec_sponsor,customer_request
ACC00614,2025-02-09,success_review,csm_observation
ACC00615,2025-01-21,success_review,support_escalation
ACC00615,2024-10-07,discount_offer,customer_request
ACC00615,2024-07-12,billing_review,support_escalation
ACC00616,2025-05-22,training_session,support_escalation
ACC00617,2024-04-11,save_call,health_score
ACC00617,2024-08-08,discount_offer,customer_request
ACC00617,2024-06-17,roadmap_commitment,customer_request
ACC00617,2024-07-04,billing_review,existing_alert
ACC00618,2025-03-27,billing_review,health_score
ACC00618,2025-02-12,roadmap_commitment,customer_request
ACC00618,2025-03-12,billing_review,csm_observation
ACC00619,2025-08-31,success_review,csm_observation
ACC00619,2025-02-19,billing_review,health_score
ACC00620,2025-05-26,exec_sponsor,existing_alert
ACC00620,2025-08-13,save_call,support_escalation
ACC00620,2025-10-29,billing_review,existing_alert
ACC00620,2025-10-11,billing_review,customer_request
ACC00621,2025-04-07,exec_sponsor,customer_request
ACC00621,2025-03-25,billing_review,csm_observation
ACC00621,2025-06-09,discount_offer,csm_observation
ACC00622,2024-06-14,roadmap_commitment,existing_alert
ACC00622,2024-05-03,success_review,existing_alert
ACC00623,2025-07-24,roadmap_commitment,health_score
ACC00623,2025-03-24,roadmap_commitment,customer_request
ACC00623,2025-07-16,discount_offer,existing_alert
ACC00623,2025-03-28,training_session,customer_request
ACC00624,2025-05-26,roadmap_commitment,support_escalation
ACC00625,2025-09-07,exec_sponsor,csm_observation
ACC00625,2025-09-23,success_review,customer_request
ACC00625,2025-10-14,roadmap_commitment,support_escalation
ACC00625,2025-06-05,billing_review,existing_alert
ACC00626,2024-07-02,exec_sponsor,customer_request
ACC00627,2025-02-19,roadmap_commitment,csm_observation
ACC00627,2025-03-26,billing_review,existing_alert
ACC00627,2025-02-01,save_call,health_score
ACC00627,2025-05-02,exec_sponsor,customer_request
ACC00628,2024-03-28,success_review,customer_request
ACC00628,2024-05-02,billing_review,existing_alert
ACC00628,2024-05-07,discount_offer,customer_request
ACC00628,2024-06-07,exec_sponsor,health_score
ACC00629,2025-06-27,training_session,customer_request
ACC00629,2025-05-15,training_session,existing_alert
ACC00629,2025-06-09,save_call,health_score
ACC00630,2024-10-03,exec_sponsor,health_score
ACC00630,2024-07-28,roadmap_commitment,csm_observation
ACC00630,2024-07-07,exec_sponsor,customer_request
ACC00630,2024-10-23,save_call,customer_request
ACC00631,2025-08-22,success_review,existing_alert
ACC00632,2025-04-26,billing_review,support_escalation
ACC00633,2024-09-24,billing_review,csm_observation
ACC00633,2024-07-08,billing_review,csm_observation
ACC00633,2024-11-05,discount_offer,support_escalation
ACC00634,2024-05-07,discount_offer,csm_observation
ACC00634,2024-08-07,discount_offer,health_score
ACC00634,2024-06-04,billing_review,support_escalation
ACC00635,2025-03-23,success_review,customer_request
ACC00635,2025-02-24,save_call,support_escalation
ACC00635,2025-04-10,success_review,health_score
ACC00636,2024-10-18,exec_sponsor,customer_request
ACC00636,2024-07-17,roadmap_commitment,health_score
ACC00637,2024-08-03,save_call,support_escalation
ACC00637,2024-06-06,roadmap_commitment,support_escalation
ACC00637,2024-11-04,roadmap_commitment,health_score
ACC00637,2024-09-25,save_call,csm_observation
ACC00638,2025-09-14,discount_offer,support_escalation
ACC00639,2024-05-30,success_review,existing_alert
ACC00640,2025-07-17,success_review,csm_observation
ACC00640,2025-07-06,roadmap_commitment,health_score
ACC00641,2024-10-21,training_session,existing_alert
ACC00641,2024-06-12,save_call,health_score
ACC00641,2024-06-03,roadmap_commitment,health_score
ACC00641,2024-06-17,exec_sponsor,support_escalation
ACC00642,2025-06-13,roadmap_commitment,health_score
ACC00642,2025-02-11,success_review,customer_request
ACC00642,2025-06-15,roadmap_commitment,support_escalation
ACC00642,2025-02-18,roadmap_commitment,existing_alert
ACC00643,2025-07-24,save_call,csm_observation
ACC00643,2025-06-14,training_session,customer_request
ACC00643,2025-07-09,discount_offer,customer_request
ACC00644,2025-07-16,discount_offer,existing_alert
ACC00644,2025-09-10,success_review,health_score
ACC00644,2025-06-10,billing_review,support_escalation
ACC00645,2025-03-01,training_session,existing_alert
ACC00645,2025-02-03,success_review,csm_observation
ACC00645,2025-03-26,exec_sponsor,health_score
ACC00645,2025-02-15,save_call,customer_request
ACC00646,2024-09-23,discount_offer,health_score
ACC00646,2025-06-20,exec_sponsor,csm_observation
ACC00647,2025-07-13,billing_review,support_escalation
ACC00647,2025-07-23,roadmap_commitment,existing_alert
ACC00648,2025-04-29,save_call,customer_request
ACC00649,2024-10-20,training_session,existing_alert
ACC00649,2024-09-25,exec_sponsor,csm_observation
ACC00649,2025-07-02,discount_offer,customer_request
ACC00650,2024-12-26,exec_sponsor,customer_request
ACC00650,2024-09-25,exec_sponsor,existing_alert
ACC00651,2025-09-24,discount_offer,support_escalation
ACC00651,2025-09-19,success_review,support_escalation
ACC00651,2025-10-05,success_review,support_escalation
ACC00651,2025-06-10,success_review,support_escalation
ACC00652,2024-06-29,discount_offer,health_score
ACC00652,2024-10-15,success_review,existing_alert
ACC00652,2024-06-19,roadmap_commitment,health_score
ACC00652,2024-09-17,training_session,csm_observation
ACC00653,2025-07-04,training_session,existing_alert
ACC00653,2025-10-13,billing_review,support_escalation
ACC00653,2025-07-24,exec_sponsor,customer_request
ACC00653,2025-09-08,save_call,csm_observation
ACC00654,2024-05-25,billing_review,customer_request
ACC00655,2024-08-23,save_call,csm_observation
ACC00656,2024-04-24,billing_review,health_score
ACC00656,2024-09-02,discount_offer,support_escalation
ACC00656,2024-05-04,roadmap_commitment,customer_request
ACC00656,2024-06-24,save_call,support_escalation
ACC00657,2024-08-19,roadmap_commitment,customer_request
ACC00657,2024-04-13,training_session,health_score
ACC00657,2024-07-06,training_session,csm_observation
ACC00657,2024-07-08,roadmap_commitment,existing_alert
ACC00658,2024-05-28,billing_review,customer_request
ACC00658,2024-02-24,roadmap_commitment,support_escalation
ACC00658,2024-03-18,save_call,health_score
ACC00659,2025-05-14,training_session,support_escalation
ACC00659,2025-07-20,billing_review,existing_alert
ACC00660,2025-04-08,save_call,customer_request
ACC00661,2025-11-09,success_review,customer_request
ACC00662,2025-01-25,training_session,existing_alert
ACC00662,2025-04-20,discount_offer,support_escalation
ACC00662,2025-10-10,discount_offer,customer_request
ACC00663,2024-08-31,success_review,customer_request
ACC00664,2024-03-25,training_session,existing_alert
ACC00664,2024-02-19,success_review,support_escalation
ACC00664,2024-01-27,save_call,existing_alert
ACC00665,2024-10-26,success_review,customer_request
ACC00665,2025-03-24,discount_offer,existing_alert
ACC00666,2025-05-11,training_session,customer_request
ACC00666,2025-04-15,exec_sponsor,support_escalation
ACC00666,2025-02-18,billing_review,health_score
ACC00667,2024-09-02,save_call,health_score
ACC00667,2024-07-20,training_session,customer_request
ACC00667,2024-07-22,roadmap_commitment,health_score
ACC00668,2024-07-05,training_session,health_score
ACC00668,2024-10-04,save_call,csm_observation
ACC00668,2024-07-11,billing_review,customer_request
ACC00668,2024-09-10,roadmap_commitment,existing_alert
ACC00669,2025-08-05,training_session,support_escalation
ACC00670,2025-06-05,exec_sponsor,health_score
ACC00670,2025-09-21,exec_sponsor,csm_observation
ACC00670,2025-06-05,discount_offer,existing_alert
ACC00670,2025-05-14,exec_sponsor,support_escalation
ACC00671,2025-06-02,save_call,health_score
ACC00671,2025-05-27,discount_offer,support_escalation
ACC00672,2025-02-01,save_call,customer_request
ACC00672,2024-08-31,save_call,health_score
ACC00673,2024-11-05,discount_offer,existing_alert
ACC00673,2024-12-11,training_session,health_score
ACC00673,2024-11-04,training_session,existing_alert
ACC00673,2024-10-19,training_session,support_escalation
ACC00674,2025-09-18,discount_offer,customer_request
ACC00674,2025-05-29,save_call,support_escalation
ACC00674,2025-09-22,save_call,existing_alert
ACC00675,2024-10-12,save_call,customer_request
ACC00675,2024-12-02,exec_sponsor,csm_observation
ACC00676,2025-03-07,roadmap_commitment,existing_alert
ACC00676,2024-08-11,save_call,support_escalation
ACC00677,2024-12-05,roadmap_commitment,existing_alert
ACC00677,2024-08-15,discount_offer,csm_observation
ACC00677,2024-10-14,roadmap_commitment,health_score
ACC00677,2024-10-22,success_review,health_score
ACC00678,2025-07-29,billing_review,health_score
ACC00679,2025-03-19,discount_offer,existing_alert
ACC00680,2024-12-17,billing_review,customer_request
ACC00680,2025-09-18,success_review,customer_request
ACC00681,2025-05-18,save_call,health_score
ACC00682,2025-06-09,save_call,support_escalation
ACC00682,2025-03-28,roadmap_commitment,customer_request
ACC00682,2025-05-03,discount_offer,customer_request
ACC00682,2025-07-17,exec_sponsor,customer_request
ACC00683,2025-08-30,discount_offer,csm_observation
ACC00683,2025-11-03,training_session,existing_alert
ACC00684,2025-08-03,discount_offer,support_escalation
ACC00685,2024-12-10,success_review,existing_alert
ACC00685,2024-07-30,discount_offer,customer_request
ACC00685,2025-09-06,success_review,customer_request
ACC00685,2025-06-07,training_session,existing_alert
ACC00686,2025-04-03,training_session,existing_alert
ACC00686,2025-07-22,discount_offer,health_score
ACC00687,2024-09-16,roadmap_commitment,support_escalation
ACC00687,2024-07-21,training_session,existing_alert
ACC00688,2024-07-17,roadmap_commitment,health_score
ACC00688,2024-06-28,training_session,customer_request
ACC00688,2024-06-15,save_call,customer_request
ACC00689,2024-09-05,training_session,health_score
ACC00689,2024-12-01,billing_review,customer_request
ACC00690,2024-05-31,success_review,existing_alert
ACC00691,2025-06-25,success_review,existing_alert
ACC00691,2025-08-24,exec_sponsor,existing_alert
ACC00691,2025-05-23,save_call,customer_request
ACC00691,2025-06-01,save_call,support_escalation
ACC00692,2025-06-29,save_call,support_escalation
ACC00692,2025-04-06,roadmap_commitment,support_escalation
ACC00692,2025-03-30,save_call,health_score
ACC00692,2025-05-18,success_review,support_escalation
ACC00693,2024-11-13,exec_sponsor,existing_alert
ACC00693,2024-12-21,discount_offer,existing_alert
ACC00694,2024-06-08,discount_offer,existing_alert
ACC00694,2024-06-13,exec_sponsor,health_score
ACC00694,2024-10-02,save_call,existing_alert
ACC00695,2024-08-26,save_call,support_escalation
ACC00695,2024-06-29,billing_review,existing_alert
ACC00695,2024-06-12,success_review,customer_request
ACC00695,2024-09-11,success_review,support_escalation
ACC00696,2025-09-22,training_session,customer_request
ACC00696,2025-10-28,roadmap_commitment,csm_observation
ACC00697,2024-10-03,billing_review,health_score
ACC00697,2024-07-13,save_call,support_escalation
ACC00697,2024-09-29,billing_review,support_escalation
ACC00698,2025-03-17,roadmap_commitment,support_escalation
ACC00699,2024-06-25,billing_review,support_escalation
ACC00699,2024-07-15,roadmap_commitment,customer_request
ACC00699,2024-08-28,save_call,existing_alert
ACC00699,2024-09-22,exec_sponsor,existing_alert
ACC00700,2025-11-29,exec_sponsor,existing_alert
