account_id,outcome,decision_date,contract_end_date,arr_before,arr_after,is_censored
ACC00001,renewed,2024-09-09,2024-11-01,134886.0,154335.62,False
ACC00002,active,,2025-11-01,16954.0,,True
ACC00003,renewed,2025-08-01,2025-10-01,29390.0,32730.74,False
ACC00004,renewed,2025-10-19,2026-01-01,37928.0,42759.34,False
ACC00005,downgraded,2025-07-28,2025-10-01,107377.0,93240.49,False
ACC00006,downgraded,2025-04-20,2024-12-01,146276.0,84099.19,False
ACC00007,churned_voluntary,2024-11-16,2024-11-01,275763.0,0.0,False
ACC00008,active,,2025-03-01,40059.0,,True
ACC00009,renewed,2025-09-10,2025-11-01,150022.0,174282.02,False
ACC00010,renewed,2025-08-12,2025-11-01,24114.0,25062.85,False
ACC00011,churned_voluntary,2025-10-23,2026-01-01,17989.0,0.0,False
ACC00012,active,,2026-03-01,92081.0,,True
ACC00013,active,,2026-03-01,28488.0,,True
ACC00014,renewed,2025-01-06,2025-02-01,41658.0,43428.14,False
ACC00015,renewed,2025-09-23,2025-12-01,91224.0,95641.13,False
ACC00016,renewed,2025-12-19,2026-02-01,163365.0,167083.66,False
ACC00017,renewed,2025-07-05,2025-10-01,28541.0,31608.58,False
ACC00018,renewed,2024-11-28,2025-01-01,131609.0,149745.84,False
ACC00019,renewed,2025-11-16,2026-02-01,460028.0,533098.17,False
ACC00020,renewed,2025-01-05,2025-03-01,43863.0,47499.83,False
ACC00021,renewed,2024-12-01,2025-03-01,430921.0,482654.61,False
ACC00022,downgraded,2025-05-30,2025-01-01,122384.0,76586.74,False
ACC00023,renewed,2025-07-08,2025-10-01,30120.0,29663.07,False
ACC00024,renewed,2026-01-14,2026-03-01,31674.0,36978.21,False
ACC00025,renewed,2024-08-31,2024-11-01,675158.0,760478.91,False
ACC00026,active,,2024-11-01,27569.0,,True
ACC00027,renewed,2025-08-20,2025-10-01,43312.0,49889.22,False
ACC00028,renewed,2025-11-24,2026-02-01,40811.0,44844.37,False
ACC00029,renewed,2025-11-10,2026-02-01,493058.0,576134.22,False
ACC00030,churned_voluntary,2025-07-15,2025-11-01,163411.0,0.0,False
ACC00031,renewed,2025-09-06,2025-12-01,541888.0,520077.45,False
ACC00032,renewed,2024-09-18,2024-12-01,109682.0,124412.38,False
ACC00033,churned_voluntary,2024-10-31,2025-01-01,124946.0,0.0,False
ACC00034,active,,2026-03-01,513632.0,,True
ACC00035,active,,2025-03-01,100604.0,,True
ACC00036,active,,2025-02-01,66547.0,,True
ACC00037,renewed,2024-09-05,2024-10-01,641694.0,645678.11,False
ACC00038,churned_nonpayment,2024-10-24,2024-11-01,144692.0,0.0,False
ACC00039,renewed,2025-12-03,2026-01-01,258463.0,250652.85,False
ACC00040,renewed,2025-09-02,2025-10-01,135175.0,142297.77,False
ACC00041,downgraded,2024-10-07,2024-12-01,175060.0,119794.56,False
ACC00042,renewed,2025-07-25,2025-10-01,35232.0,39465.0,False
ACC00043,churned_voluntary,2025-03-06,2025-03-01,22454.0,0.0,False
ACC00044,active,,2025-03-01,39915.0,,True
ACC00045,renewed,2025-10-28,2025-12-01,37741.0,36536.97,False
ACC00046,renewed,2025-07-17,2025-10-01,41088.0,43406.77,False
ACC00047,renewed,2025-09-08,2025-11-01,29112.0,27803.48,False
ACC00048,renewed,2025-01-15,2025-03-01,33544.0,38213.53,False
ACC00049,renewed,2024-12-21,2025-02-01,60350.0,61322.73,False
ACC00050,renewed,2025-12-31,2026-02-01,115230.0,128134.88,False
ACC00051,active,,2024-12-01,133611.0,,True
ACC00052,active,,2025-01-01,44455.0,,True
ACC00053,active,,2026-01-01,17420.0,,True
ACC00054,active,,2026-03-01,624920.0,,True
ACC00055,renewed,2024-10-04,2025-01-01,76111.0,89043.98,False
ACC00056,active,,2026-02-01,99986.0,,True
ACC00057,churned_voluntary,2025-07-16,2025-12-01,37913.0,0.0,False
ACC00058,renewed,2024-08-10,2024-10-01,85976.0,94994.02,False
ACC00059,churned_voluntary,2025-06-25,2025-02-01,44839.0,0.0,False
ACC00060,renewed,2024-09-07,2024-12-01,129569.0,144219.93,False
ACC00061,renewed,2025-01-08,2025-03-01,442801.0,436785.32,False
ACC00062,renewed,2026-01-19,2026-03-01,168410.0,192541.14,False
ACC00063,active,,2025-02-01,54373.0,,True
ACC00064,renewed,2025-09-20,2025-12-01,61813.0,59432.04,False
ACC00065,renewed,2025-09-23,2025-11-01,364171.0,406865.4,False
ACC00066,renewed,2025-11-28,2026-02-01,119579.0,121016.03,False
ACC00067,downgraded,2025-10-06,2026-01-01,44951.0,35220.27,False
ACC00068,active,,2024-10-01,41353.0,,True
ACC00069,churned_voluntary,2025-07-31,2025-11-01,39712.0,0.0,False
ACC00070,active,,2025-01-01,17959.0,,True
ACC00071,active,,2025-12-01,29902.0,,True
ACC00072,renewed,2024-08-08,2024-10-01,569518.0,567107.21,False
ACC00073,churned_voluntary,2025-05-21,2025-02-01,523939.0,0.0,False
ACC00074,active,,2026-01-01,35820.0,,True
ACC00075,renewed,2025-09-07,2025-11-01,65292.0,68965.68,False
ACC00076,renewed,2024-08-15,2024-10-01,114569.0,119102.37,False
ACC00077,active,,2026-01-01,587524.0,,True
ACC00078,churned_voluntary,2025-03-19,2025-03-01,126983.0,0.0,False
ACC00079,renewed,2025-10-08,2026-01-01,42318.0,48251.51,False
ACC00080,churned_nonpayment,2025-10-27,2026-03-01,16072.0,0.0,False
ACC00081,active,,2025-11-01,108287.0,,True
ACC00082,renewed,2026-01-18,2026-03-01,32841.0,34330.27,False
ACC00083,renewed,2024-08-09,2024-11-01,86160.0,99958.72,False
ACC00084,churned_voluntary,2025-01-14,2025-03-01,402409.0,0.0,False
ACC00085,renewed,2024-09-10,2024-12-01,153126.0,179716.77,False
ACC00086,renewed,2025-01-04,2025-02-01,17248.0,20193.69,False
ACC00087,renewed,2024-10-23,2024-12-01,424316.0,415531.16,False
ACC00088,renewed,2025-09-18,2025-11-01,86342.0,100121.43,False
ACC00089,active,,2024-11-01,41165.0,,True
ACC00090,renewed,2025-07-14,2025-10-01,19318.0,21415.85,False
ACC00091,churned_nonpayment,2025-02-19,2024-11-01,15517.0,0.0,False
ACC00092,renewed,2024-10-28,2025-01-01,147218.0,168551.54,False
ACC00093,active,,2025-01-01,112422.0,,True
ACC00094,renewed,2024-11-03,2025-02-01,109245.0,124838.7,False
ACC00095,active,,2026-03-01,38830.0,,True
ACC00096,renewed,2025-08-19,2025-10-01,134323.0,156515.06,False
ACC00097,renewed,2025-12-09,2026-03-01,626980.0,604612.8,False
ACC00098,renewed,2024-08-28,2024-10-01,59632.0,57003.04,False
ACC00099,churned_voluntary,2025-07-31,2025-11-01,248872.0,0.0,False
ACC00100,churned_nonpayment,2025-12-03,2026-02-01,579407.0,0.0,False
ACC00101,churned_voluntary,2025-05-07,2025-02-01,31565.0,0.0,False
ACC00102,renewed,2024-12-22,2025-03-01,161777.0,155771.03,False
ACC00103,renewed,2025-10-12,2026-01-01,106370.0,125436.56,False
ACC00104,renewed,2024-11-21,2025-01-01,158451.0,181390.93,False
ACC00105,active,,2026-01-01,25241.0,,True
ACC00106,renewed,2024-09-24,2024-11-01,99060.0,96166.79,False
ACC00107,renewed,2024-07-04,2024-10-01,42255.0,42806.76,False
ACC00108,renewed,2025-01-20,2025-03-01,147594.0,154747.6,False
ACC00109,renewed,2025-01-07,2025-02-01,126869.0,147074.12,False
ACC00110,churned_voluntary,2024-12-14,2024-12-01,610764.0,0.0,False
ACC00111,renewed,2024-11-05,2025-02-01,481601.0,529820.47,False
ACC00112,downgraded,2025-11-02,2026-02-01,33937.0,23038.05,False
ACC00113,active,,2025-10-01,79392.0,,True
ACC00114,active,,2025-12-01,18764.0,,True
ACC00115,renewed,2024-12-07,2025-02-01,207529.0,206336.01,False
ACC00116,active,,2026-03-01,466544.0,,True
ACC00117,active,,2025-11-01,15200.0,,True
ACC00118,renewed,2024-08-29,2024-11-01,59120.0,67726.5,False
ACC00119,active,,2025-01-01,99308.0,,True
ACC00120,renewed,2024-10-25,2024-12-01,27125.0,28191.68,False
ACC00121,active,,2024-10-01,165781.0,,True
ACC00122,active,,2025-10-01,138338.0,,True
ACC00123,renewed,2025-12-04,2026-02-01,113656.0,124139.71,False
ACC00124,churned_nonpayment,2025-09-13,2026-02-01,78255.0,0.0,False
ACC00125,renewed,2025-10-05,2025-12-01,18633.0,17761.39,False
ACC00126,renewed,2024-08-24,2024-11-01,16488.0,16898.7,False
ACC00127,active,,2024-11-01,15251.0,,True
ACC00128,active,,2024-12-01,447931.0,,True
ACC00129,churned_voluntary,2025-02-23,2025-03-01,701546.0,0.0,False
ACC00130,renewed,2025-12-31,2026-02-01,578676.0,608741.23,False
ACC00131,renewed,2024-10-03,2025-01-01,17361.0,18551.83,False
ACC00132,renewed,2025-07-11,2025-10-01,30065.0,28985.26,False
ACC00133,churned_nonpayment,2024-12-27,2025-03-01,604068.0,0.0,False
ACC00134,renewed,2025-08-10,2025-10-01,604707.0,607142.14,False
ACC00135,active,,2026-03-01,42263.0,,True
ACC00136,renewed,2025-09-01,2025-10-01,160688.0,174884.22,False
ACC00137,renewed,2025-07-28,2025-10-01,32169.0,37798.61,False
ACC00138,renewed,2024-10-26,2024-12-01,79041.0,84683.5,False
ACC00139,renewed,2025-11-14,2026-02-01,119547.0,120742.22,False
ACC00140,active,,2025-03-01,38834.0,,True
ACC00141,active,,2024-12-01,69194.0,,True
ACC00142,renewed,2025-12-31,2026-03-01,149642.0,166983.92,False
ACC00143,renewed,2026-01-05,2026-02-01,30202.0,35150.55,False
ACC00144,renewed,2025-10-03,2025-11-01,511495.0,491757.81,False
ACC00145,renewed,2024-12-29,2025-03-01,107961.0,104825.75,False
ACC00146,churned_voluntary,2025-10-31,2026-02-01,26532.0,0.0,False
ACC00147,renewed,2025-08-25,2025-10-01,109233.0,121212.91,False
ACC00148,renewed,2026-01-01,2026-03-01,60057.0,68861.66,False
ACC00149,churned_voluntary,2025-02-14,2025-02-01,30162.0,0.0,False
ACC00150,renewed,2025-12-27,2026-02-01,29736.0,34483.42,False
ACC00151,active,,2024-11-01,705721.0,,True
ACC00152,renewed,2024-09-23,2024-12-01,156295.0,175113.46,False
ACC00153,downgraded,2025-01-02,2024-11-01,55130.0,45597.82,False
ACC00154,renewed,2025-10-03,2025-12-01,97696.0,101061.89,False
ACC00155,active,,2025-12-01,40377.0,,True
ACC00156,renewed,2025-10-18,2025-12-01,17159.0,19431.93,False
ACC00157,renewed,2025-10-25,2025-12-01,24310.0,27377.91,False
ACC00158,active,,2026-02-01,60682.0,,True
ACC00159,renewed,2024-12-25,2025-03-01,36497.0,36811.37,False
ACC00160,renewed,2026-01-07,2026-02-01,25144.0,24299.19,False
ACC00161,renewed,2025-09-23,2025-11-01,41646.0,41378.39,False
ACC00162,renewed,2025-10-15,2025-12-01,116648.0,117662.85,False
ACC00163,renewed,2024-08-30,2024-11-01,20906.0,20554.74,False
ACC00164,renewed,2025-10-03,2025-11-01,417547.0,464621.98,False
ACC00165,churned_nonpayment,2025-07-14,2025-02-01,286053.0,0.0,False
ACC00166,active,,2025-12-01,36690.0,,True
ACC00167,renewed,2024-09-17,2024-11-01,20054.0,21490.77,False
ACC00168,renewed,2025-11-23,2026-01-01,144526.0,169034.07,False
ACC00169,churned_voluntary,2025-11-08,2026-03-01,37163.0,0.0,False
ACC00170,renewed,2024-12-14,2025-03-01,39654.0,44446.1,False
ACC00171,renewed,2025-11-09,2026-01-01,504500.0,515870.38,False
ACC00172,churned_voluntary,2025-08-22,2025-12-01,110513.0,0.0,False
ACC00173,renewed,2024-08-05,2024-11-01,176650.0,176507.8,False
ACC00174,renewed,2025-09-22,2025-12-01,164426.0,163753.24,False
ACC00175,renewed,2024-11-20,2025-02-01,569244.0,555218.48,False
ACC00176,renewed,2025-07-10,2025-10-01,24340.0,24187.5,False
ACC00177,renewed,2024-12-31,2025-02-01,44665.0,44699.55,False
ACC00178,renewed,2024-08-04,2024-11-01,174048.0,184643.32,False
ACC00179,active,,2025-10-01,104381.0,,True
ACC00180,downgraded,2025-04-26,2025-01-01,80903.0,64059.08,False
ACC00181,renewed,2025-10-19,2025-12-01,53694.0,59532.23,False
ACC00182,churned_nonpayment,2025-08-21,2025-11-01,153727.0,0.0,False
ACC00183,active,,2026-03-01,675404.0,,True
ACC00184,active,,2025-02-01,29699.0,,True
ACC00185,renewed,2025-09-13,2025-11-01,83544.0,84733.56,False
ACC00186,renewed,2024-09-04,2024-12-01,18643.0,21183.59,False
ACC00187,active,,2025-11-01,230068.0,,True
ACC00188,renewed,2024-07-03,2024-10-01,17058.0,19861.4,False
ACC00189,renewed,2024-11-15,2025-02-01,35707.0,38567.93,False
ACC00190,renewed,2025-10-04,2026-01-01,88177.0,91274.21,False
ACC00191,churned_nonpayment,2025-05-31,2025-02-01,81531.0,0.0,False
ACC00192,active,,2024-12-01,32153.0,,True
ACC00193,active,,2026-01-01,27794.0,,True
ACC00194,renewed,2024-09-28,2024-12-01,571435.0,583466.97,False
ACC00195,renewed,2025-09-29,2025-11-01,95193.0,111913.91,False
ACC00196,renewed,2025-08-31,2025-10-01,319890.0,359047.81,False
ACC00197,renewed,2025-12-02,2026-03-01,156628.0,152209.58,False
ACC00198,active,,2025-01-01,37786.0,,True
ACC00199,active,,2024-10-01,659911.0,,True
ACC00200,active,,2025-10-01,389159.0,,True
ACC00201,renewed,2024-11-13,2025-01-01,749408.0,831861.52,False
ACC00202,churned_voluntary,2025-07-25,2025-12-01,480009.0,0.0,False
ACC00203,downgraded,2025-06-29,2025-10-01,466488.0,344724.88,False
ACC00204,active,,2025-01-01,39356.0,,True
ACC00205,renewed,2025-12-22,2026-03-01,115038.0,132931.36,False
ACC00206,churned_voluntary,2025-06-11,2025-10-01,41252.0,0.0,False
ACC00207,churned_nonpayment,2025-06-14,2025-11-01,128964.0,0.0,False
ACC00208,renewed,2025-07-21,2025-10-01,18361.0,20199.57,False
ACC00209,churned_voluntary,2025-09-29,2026-01-01,90173.0,0.0,False
ACC00210,downgraded,2025-10-16,2026-03-01,354739.0,212687.91,False
ACC00211,renewed,2025-12-26,2026-03-01,16387.0,17251.91,False
ACC00212,renewed,2026-01-10,2026-03-01,85986.0,99156.07,False
ACC00213,renewed,2024-12-31,2025-02-01,97619.0,95127.37,False
ACC00214,renewed,2024-11-28,2025-02-01,161236.0,168375.22,False
ACC00215,renewed,2025-09-04,2025-11-01,250499.0,247682.31,False
ACC00216,renewed,2025-12-17,2026-02-01,213958.0,220360.89,False
ACC00217,renewed,2024-10-18,2024-12-01,174364.0,194524.57,False
ACC00218,renewed,2025-09-27,2025-11-01,125225.0,127124.15,False
ACC00219,renewed,2025-01-20,2025-03-01,25301.0,27574.45,False
ACC00220,active,,2026-03-01,15849.0,,True
ACC00221,renewed,2025-10-08,2025-12-01,303481.0,292962.24,False
ACC00222,renewed,2025-12-13,2026-02-01,78124.0,90001.02,False
ACC00223,churned_nonpayment,2025-05-05,2025-10-01,76237.0,0.0,False
ACC00224,renewed,2025-12-07,2026-03-01,72630.0,70711.65,False
ACC00225,renewed,2025-10-31,2025-12-01,36883.0,35270.02,False
ACC00226,renewed,2024-10-01,2024-12-01,166828.0,158845.77,False
ACC00227,active,,2024-12-01,154031.0,,True
ACC00228,renewed,2024-09-28,2024-11-01,390743.0,401906.44,False
ACC00229,active,,2026-02-01,26825.0,,True
ACC00230,renewed,2026-01-06,2026-02-01,316074.0,326293.58,False
ACC00231,active,,2026-03-01,28046.0,,True
ACC00232,renewed,2024-11-15,2025-01-01,40203.0,44406.88,False
ACC00233,renewed,2025-10-12,2025-12-01,177451.0,202689.74,False
ACC00234,renewed,2024-11-30,2025-02-01,139143.0,147178.29,False
ACC00235,renewed,2024-09-21,2024-11-01,40158.0,42956.41,False
ACC00236,renewed,2025-07-10,2025-10-01,42243.0,45871.4,False
ACC00237,renewed,2024-09-12,2024-11-01,352655.0,395328.41,False
ACC00238,churned_voluntary,2025-11-27,2026-02-01,26338.0,0.0,False
ACC00239,renewed,2025-01-17,2025-03-01,75729.0,83390.75,False
ACC00240,renewed,2024-11-02,2024-12-01,131922.0,129976.75,False
ACC00241,active,,2025-03-01,115873.0,,True
ACC00242,active,,2026-03-01,72439.0,,True
ACC00243,active,,2025-02-01,160432.0,,True
ACC00244,renewed,2025-01-22,2025-03-01,227670.0,248144.4,False
ACC00245,churned_voluntary,2025-02-07,2025-02-01,40131.0,0.0,False
ACC00246,active,,2026-03-01,115278.0,,True
ACC00247,renewed,2025-08-23,2025-11-01,30825.0,34316.43,False
ACC00248,active,,2026-03-01,59564.0,,True
ACC00249,active,,2026-01-01,104476.0,,True
ACC00250,active,,2025-11-01,34879.0,,True
ACC00251,renewed,2025-10-14,2025-12-01,39058.0,37390.92,False
ACC00252,renewed,2025-01-07,2025-02-01,117499.0,137048.11,False
ACC00253,active,,2024-10-01,30285.0,,True
ACC00254,renewed,2025-08-26,2025-10-01,68465.0,69750.52,False
ACC00255,downgraded,2025-06-17,2025-11-01,618446.0,544383.12,False
ACC00256,renewed,2025-08-11,2025-11-01,379055.0,393117.32,False
ACC00257,active,,2024-12-01,31343.0,,True
ACC00258,renewed,2024-11-19,2025-02-01,27885.0,31363.83,False
ACC00259,renewed,2025-10-02,2025-12-01,34115.0,34812.11,False
ACC00260,churned_nonpayment,2025-04-26,2025-02-01,698934.0,0.0,False
ACC00261,renewed,2025-11-05,2026-01-01,292718.0,307323.48,False
ACC00262,active,,2024-12-01,602842.0,,True
ACC00263,downgraded,2025-09-29,2026-02-01,124747.0,101908.43,False
ACC00264,renewed,2025-11-13,2026-01-01,17409.0,16892.26,False
ACC00265,active,,2025-11-01,304582.0,,True
ACC00266,renewed,2024-09-07,2024-12-01,154188.0,175791.03,False
ACC00267,renewed,2024-11-09,2025-02-01,76090.0,85700.17,False
ACC00268,renewed,2025-08-28,2025-10-01,227504.0,236792.9,False
ACC00269,renewed,2024-10-11,2025-01-01,155377.0,165806.9,False
ACC00270,renewed,2025-12-29,2026-02-01,34865.0,37306.4,False
ACC00271,active,,2026-01-01,350395.0,,True
ACC00272,active,,2025-12-01,34455.0,,True
ACC00273,active,,2025-02-01,142895.0,,True
ACC00274,active,,2025-12-01,566251.0,,True
ACC00275,renewed,2026-01-27,2026-03-01,41108.0,43864.02,False
ACC00276,renewed,2024-12-13,2025-03-01,23700.0,25335.81,False
ACC00277,active,,2024-10-01,38638.0,,True
ACC00278,renewed,2025-02-04,2025-03-01,118712.0,133664.25,False
ACC00279,renewed,2024-12-02,2025-03-01,41924.0,44281.19,False
ACC00280,active,,2025-10-01,75006.0,,True
ACC00281,active,,2026-01-01,69848.0,,True
ACC00282,renewed,2025-01-27,2025-03-01,43600.0,43593.13,False
ACC00283,renewed,2025-09-26,2025-11-01,117984.0,119287.92,False
ACC00284,churned_nonpayment,2025-10-11,2026-01-01,32218.0,0.0,False
ACC00285,renewed,2026-01-01,2026-02-01,169553.0,191694.86,False
ACC00286,churned_voluntary,2025-04-04,2025-02-01,457203.0,0.0,False
ACC00287,renewed,2025-12-20,2026-02-01,472559.0,532835.56,False
ACC00288,renewed,2025-10-22,2025-12-01,40269.0,44086.53,False
ACC00289,renewed,2025-11-21,2026-01-01,91555.0,102059.38,False
ACC00290,renewed,2025-07-15,2025-10-01,24430.0,23789.86,False
ACC00291,churned_voluntary,2025-10-19,2026-01-01,44352.0,0.0,False
ACC00292,churned_voluntary,2025-08-26,2025-12-01,55513.0,0.0,False
ACC00293,active,,2024-12-01,135979.0,,True
ACC00294,renewed,2025-11-10,2026-02-01,42130.0,40677.99,False
ACC00295,downgraded,2025-03-23,2024-10-01,67992.0,59366.4,False
ACC00296,renewed,2024-07-16,2024-10-01,81779.0,79395.3,False
ACC00297,active,,2025-10-01,56880.0,,True
ACC00298,renewed,2024-12-21,2025-03-01,18294.0,18548.97,False
ACC00299,renewed,2024-12-23,2025-03-01,28333.0,30802.66,False
ACC00300,churned_voluntary,2024-10-01,2024-12-01,481198.0,0.0,False
ACC00301,churned_voluntary,2025-06-15,2025-03-01,273806.0,0.0,False
ACC00302,renewed,2024-08-29,2024-11-01,169698.0,169046.15,False
ACC00303,renewed,2025-12-04,2026-01-01,596278.0,639172.97,False
ACC00304,renewed,2024-07-19,2024-10-01,164916.0,172025.06,False
ACC00305,renewed,2025-10-16,2025-12-01,25978.0,25560.16,False
ACC00306,active,,2025-11-01,44139.0,,True
ACC00307,renewed,2025-08-27,2025-10-01,21318.0,22943.26,False
ACC00308,renewed,2026-01-20,2026-03-01,449761.0,500906.16,False
ACC00309,active,,2024-12-01,153647.0,,True
ACC00310,renewed,2025-12-25,2026-02-01,364019.0,411731.99,False
ACC00311,renewed,2024-12-04,2025-01-01,270951.0,265789.73,False
ACC00312,churned_voluntary,2025-07-21,2025-12-01,30645.0,0.0,False
ACC00313,churned_voluntary,2025-08-23,2025-11-01,27568.0,0.0,False
ACC00314,active,,2026-02-01,24894.0,,True
ACC00315,active,,2024-12-01,135679.0,,True
ACC00316,renewed,2025-09-06,2025-12-01,668002.0,652970.3,False
ACC00317,renewed,2024-07-16,2024-10-01,140477.0,157783.36,False
ACC00318,renewed,2025-10-06,2025-11-01,78721.0,86042.46,False
ACC00319,downgraded,2025-11-26,2026-02-01,39501.0,31060.06,False
ACC00320,renewed,2025-02-03,2025-03-01,743628.0,749796.69,False
ACC00321,renewed,2025-10-16,2026-01-01,731033.0,763412.22,False
ACC00322,renewed,2024-12-28,2025-02-01,261896.0,301676.3,False
ACC00323,renewed,2025-08-24,2025-11-01,742728.0,840521.45,False
ACC00324,renewed,2025-12-18,2026-03-01,301886.0,287656.73,False
ACC00325,active,,2026-02-01,17979.0,,True
ACC00326,renewed,2024-12-31,2025-02-01,67294.0,72284.69,False
ACC00327,renewed,2024-10-06,2025-01-01,33310.0,33674.02,False
ACC00328,renewed,2024-09-09,2024-12-01,595182.0,667877.67,False
ACC00329,renewed,2024-09-02,2024-10-01,256577.0,253335.74,False
ACC00330,renewed,2024-08-02,2024-10-01,747451.0,870907.71,False
ACC00331,renewed,2025-11-15,2026-01-01,481036.0,462088.51,False
ACC00332,renewed,2025-10-10,2026-01-01,27270.0,31059.71,False
ACC00333,churned_voluntary,2025-12-03,2026-03-01,60518.0,0.0,False
ACC00334,churned_nonpayment,2024-11-10,2024-11-01,18887.0,0.0,False
ACC00335,churned_voluntary,2025-05-18,2025-10-01,413507.0,0.0,False
ACC00336,churned_voluntary,2024-11-25,2025-02-01,624730.0,0.0,False
ACC00337,active,,2024-12-01,30093.0,,True
ACC00338,renewed,2024-08-18,2024-10-01,298326.0,293031.94,False
ACC00339,renewed,2024-10-03,2024-11-01,81544.0,80160.47,False
ACC00340,churned_nonpayment,2025-05-25,2025-02-01,29628.0,0.0,False
ACC00341,renewed,2024-11-06,2025-01-01,102725.0,99696.66,False
ACC00342,renewed,2025-07-21,2025-10-01,39719.0,43067.04,False
ACC00343,renewed,2026-01-26,2026-03-01,22673.0,23203.26,False
ACC00344,renewed,2024-09-20,2024-12-01,22762.0,25740.47,False
ACC00345,renewed,2024-09-26,2024-12-01,28551.0,32349.55,False
ACC00346,renewed,2025-12-21,2026-02-01,627952.0,693389.33,False
ACC00347,renewed,2025-12-09,2026-02-01,579669.0,677365.39,False
ACC00348,churned_voluntary,2024-10-09,2024-11-01,28377.0,0.0,False
ACC00349,renewed,2024-11-19,2025-02-01,148882.0,173068.84,False
ACC00350,renewed,2025-01-16,2025-03-01,89418.0,91062.07,False
ACC00351,renewed,2024-11-03,2025-01-01,612723.0,705790.44,False
ACC00352,active,,2025-11-01,100910.0,,True
ACC00353,renewed,2024-12-01,2025-01-01,262911.0,264851.74,False
ACC00354,downgraded,2024-10-11,2024-12-01,16688.0,12432.38,False
ACC00355,churned_voluntary,2025-02-17,2024-11-01,256319.0,0.0,False
ACC00356,renewed,2024-10-04,2024-11-01,30708.0,32942.91,False
ACC00357,churned_voluntary,2025-08-26,2025-11-01,402096.0,0.0,False
ACC00358,renewed,2024-09-05,2024-11-01,44964.0,46189.14,False
ACC00359,active,,2025-11-01,27996.0,,True
ACC00360,renewed,2025-12-01,2026-01-01,99894.0,101600.44,False
ACC00361,renewed,2025-11-02,2025-12-01,90425.0,92516.28,False
ACC00362,renewed,2024-08-01,2024-10-01,30270.0,30248.26,False
ACC00363,renewed,2024-10-22,2024-12-01,98589.0,105117.96,False
ACC00364,renewed,2025-08-04,2025-11-01,147157.0,159770.36,False
ACC00365,active,,2024-11-01,88691.0,,True
ACC00366,renewed,2025-11-04,2026-02-01,99786.0,114181.34,False
ACC00367,active,,2025-01-01,23432.0,,True
ACC00368,active,,2025-12-01,146045.0,,True
ACC00369,renewed,2024-11-20,2025-02-01,21030.0,24707.35,False
ACC00370,churned_voluntary,2025-11-23,2026-03-01,257941.0,0.0,False
ACC00371,churned_nonpayment,2025-04-07,2025-03-01,68021.0,0.0,False
ACC00372,churned_voluntary,2025-08-20,2025-11-01,51198.0,0.0,False
ACC00373,churned_nonpayment,2025-09-12,2026-02-01,57923.0,0.0,False
ACC00374,renewed,2025-07-14,2025-10-01,52061.0,50879.92,False
ACC00375,churned_voluntary,2025-06-25,2025-10-01,51553.0,0.0,False
ACC00376,renewed,2025-09-14,2025-12-01,32555.0,37371.84,False
ACC00377,active,,2024-11-01,155666.0,,True
ACC00378,churned_voluntary,2025-07-24,2025-11-01,22896.0,0.0,False
ACC00379,active,,2024-12-01,41712.0,,True
ACC00380,renewed,2024-11-09,2025-01-01,571172.0,631574.46,False
ACC00381,churned_nonpayment,2025-01-28,2025-03-01,179791.0,0.0,False
ACC00382,renewed,2026-01-08,2026-03-01,36421.0,41694.89,False
ACC00383,renewed,2024-10-08,2025-01-01,27427.0,29433.7,False
ACC00384,active,,2025-10-01,133459.0,,True
ACC00385,renewed,2024-10-21,2025-01-01,160799.0,187689.23,False
ACC00386,active,,2025-02-01,44320.0,,True
ACC00387,renewed,2026-01-28,2026-03-01,44532.0,48860.67,False
ACC00388,renewed,2024-08-08,2024-10-01,56102.0,63574.22,False
ACC00389,renewed,2024-10-09,2024-12-01,368066.0,430035.61,False
ACC00390,active,,2026-03-01,148599.0,,True
ACC00391,active,,2026-02-01,350341.0,,True
ACC00392,renewed,2024-12-18,2025-02-01,138740.0,139652.61,False
ACC00393,renewed,2026-01-10,2026-03-01,40903.0,44739.26,False
ACC00394,active,,2024-10-01,57038.0,,True
ACC00395,renewed,2025-11-25,2026-02-01,26160.0,26141.73,False
ACC00396,active,,2025-12-01,40347.0,,True
ACC00397,active,,2026-01-01,152701.0,,True
ACC00398,renewed,2025-11-07,2026-01-01,122487.0,134776.68,False
ACC00399,renewed,2024-12-11,2025-02-01,61232.0,59918.47,False
ACC00400,renewed,2024-09-28,2024-12-01,60752.0,67035.91,False
ACC00401,churned_nonpayment,2024-10-10,2025-01-01,146948.0,0.0,False
ACC00402,active,,2025-10-01,17998.0,,True
ACC00403,renewed,2024-09-04,2024-12-01,149791.0,167665.73,False
ACC00404,active,,2026-01-01,376494.0,,True
ACC00405,renewed,2024-08-12,2024-10-01,63538.0,63539.65,False
ACC00406,active,,2025-02-01,34560.0,,True
ACC00407,renewed,2024-10-04,2025-01-01,24563.0,26059.27,False
ACC00408,churned_voluntary,2025-09-08,2026-02-01,124967.0,0.0,False
ACC00409,active,,2025-11-01,72216.0,,True
ACC00410,churned_nonpayment,2025-08-19,2025-11-01,31158.0,0.0,False
ACC00411,renewed,2024-11-24,2025-01-01,469366.0,528335.13,False
ACC00412,active,,2025-12-01,97333.0,,True
ACC00413,active,,2025-02-01,127831.0,,True
ACC00414,renewed,2025-09-09,2025-12-01,19439.0,21022.13,False
ACC00415,renewed,2026-01-06,2026-02-01,42577.0,45460.44,False
ACC00416,renewed,2025-11-13,2026-01-01,25968.0,27054.68,False
ACC00417,renewed,2025-11-20,2026-02-01,25507.0,28054.86,False
ACC00418,renewed,2025-10-06,2026-01-01,73283.0,77031.31,False
ACC00419,renewed,2025-10-08,2025-12-01,434200.0,504300.63,False
ACC00420,renewed,2024-07-03,2024-10-01,26960.0,29029.39,False
ACC00421,active,,2026-02-01,139353.0,,True
ACC00422,active,,2026-03-01,173597.0,,True
ACC00423,churned_nonpayment,2025-12-29,2026-03-01,42239.0,0.0,False
ACC00424,renewed,2026-01-19,2026-03-01,68242.0,67161.68,False
ACC00425,churned_voluntary,2025-03-08,2024-11-01,136332.0,0.0,False
ACC00426,renewed,2025-12-30,2026-02-01,29715.0,32930.5,False
ACC00427,renewed,2024-12-26,2025-02-01,120040.0,118829.58,False
ACC00428,active,,2024-12-01,40910.0,,True
ACC00429,renewed,2024-10-07,2024-11-01,64335.0,67247.01,False
ACC00430,churned_nonpayment,2025-12-06,2026-03-01,123822.0,0.0,False
ACC00431,downgraded,2025-03-13,2024-10-01,18471.0,10232.55,False
ACC00432,active,,2025-03-01,116935.0,,True
ACC00433,renewed,2024-11-04,2024-12-01,29607.0,34209.64,False
ACC00434,churned_nonpayment,2025-07-29,2025-10-01,541724.0,0.0,False
ACC00435,churned_voluntary,2025-05-12,2024-10-01,104522.0,0.0,False
ACC00436,renewed,2024-09-20,2024-12-01,26414.0,25908.6,False
ACC00437,churned_voluntary,2024-10-19,2025-01-01,32075.0,0.0,False
ACC00438,active,,2025-03-01,639450.0,,True
ACC00439,renewed,2025-08-03,2025-10-01,89356.0,89264.89,False
ACC00440,churned_voluntary,2025-07-17,2025-03-01,294675.0,0.0,False
ACC00441,churned_voluntary,2025-08-14,2025-11-01,117632.0,0.0,False
ACC00442,active,,2025-01-01,627080.0,,True
ACC00443,renewed,2025-01-29,2025-03-01,74430.0,76567.86,False
ACC00444,renewed,2025-11-23,2026-01-01,386909.0,432978.86,False
ACC00445,active,,2026-03-01,184666.0,,True
ACC00446,active,,2025-03-01,148608.0,,True
ACC00447,active,,2026-02-01,154792.0,,True
ACC00448,renewed,2025-11-27,2026-01-01,75830.0,73168.61,False
ACC00449,renewed,2025-12-17,2026-03-01,733349.0,707017.12,False
ACC00450,churned_voluntary,2025-08-21,2026-01-01,130125.0,0.0,False
ACC00451,active,,2026-01-01,549082.0,,True
ACC00452,renewed,2024-11-25,2025-02-01,170413.0,171566.77,False
ACC00453,renewed,2024-07-16,2024-10-01,91049.0,101661.0,False
ACC00454,active,,2025-12-01,20998.0,,True
ACC00455,churned_nonpayment,2025-11-27,2026-02-01,28704.0,0.0,False
ACC00456,renewed,2024-09-08,2024-11-01,105448.0,117394.24,False
ACC00457,churned_voluntary,2025-05-10,2024-11-01,122733.0,0.0,False
ACC00458,renewed,2024-11-04,2024-12-01,74523.0,81372.4,False
ACC00459,churned_voluntary,2024-12-11,2024-12-01,163445.0,0.0,False
ACC00460,churned_nonpayment,2025-10-17,2026-01-01,21393.0,0.0,False
ACC00461,churned_nonpayment,2025-12-18,2026-03-01,28406.0,0.0,False
ACC00462,renewed,2024-09-30,2024-11-01,31013.0,36431.56,False
ACC00463,renewed,2025-10-03,2025-11-01,41079.0,40343.97,False
ACC00464,renewed,2025-11-28,2026-02-01,22367.0,25238.66,False
ACC00465,active,,2025-03-01,124140.0,,True
ACC00466,renewed,2025-07-10,2025-10-01,33766.0,34202.41,False
ACC00467,renewed,2024-07-05,2024-10-01,32761.0,33331.84,False
ACC00468,active,,2025-01-01,179731.0,,True
ACC00469,renewed,2025-08-24,2025-10-01,89021.0,104501.58,False
ACC00470,active,,2024-10-01,43252.0,,True
ACC00471,churned_voluntary,2025-10-10,2026-03-01,77509.0,0.0,False
ACC00472,active,,2026-03-01,162859.0,,True
ACC00473,churned_voluntary,2025-04-29,2025-02-01,71755.0,0.0,False
ACC00474,active,,2025-10-01,41392.0,,True
ACC00475,renewed,2025-11-25,2026-02-01,128231.0,148246.48,False
ACC00476,active,,2025-02-01,483387.0,,True
ACC00477,churned_voluntary,2025-02-10,2025-01-01,67771.0,0.0,False
ACC00478,renewed,2025-08-10,2025-11-01,141937.0,136073.2,False
ACC00479,active,,2025-03-01,439579.0,,True
ACC00480,renewed,2026-01-10,2026-03-01,125684.0,147999.04,False
ACC00481,renewed,2024-12-03,2025-01-01,99174.0,97402.27,False
ACC00482,renewed,2025-11-18,2026-02-01,28200.0,32088.84,False
ACC00483,renewed,2024-12-04,2025-01-01,109597.0,110532.91,False
ACC00484,renewed,2026-01-09,2026-03-01,163889.0,157754.33,False
ACC00485,renewed,2024-07-12,2024-10-01,555623.0,548832.88,False
ACC00486,active,,2025-11-01,630513.0,,True
ACC00487,churned_voluntary,2025-07-26,2024-12-01,158572.0,0.0,False
ACC00488,renewed,2024-11-23,2025-01-01,124205.0,139437.23,False
ACC00489,active,,2024-10-01,56021.0,,True
ACC00490,active,,2024-11-01,171822.0,,True
ACC00491,renewed,2025-08-31,2025-11-01,29018.0,34127.47,False
ACC00492,renewed,2025-09-06,2025-12-01,20209.0,20221.01,False
ACC00493,renewed,2024-07-17,2024-10-01,82819.0,92388.55,False
ACC00494,renewed,2024-10-11,2025-01-01,16696.0,18273.85,False
ACC00495,renewed,2024-12-03,2025-03-01,29065.0,32249.97,False
ACC00496,renewed,2024-08-11,2024-11-01,50142.0,58030.53,False
ACC00497,renewed,2025-09-10,2025-11-01,127814.0,141468.62,False
ACC00498,churned_voluntary,2025-06-02,2025-10-01,15304.0,0.0,False
ACC00499,active,,2024-11-01,140968.0,,True
ACC00500,active,,2025-10-01,27552.0,,True
ACC00501,renewed,2024-10-05,2024-12-01,98177.0,102693.91,False
ACC00502,renewed,2025-01-27,2025-03-01,36023.0,39115.03,False
ACC00503,renewed,2025-12-21,2026-03-01,129995.0,142152.21,False
ACC00504,active,,2025-11-01,144690.0,,True
ACC00505,renewed,2024-09-27,2024-11-01,43179.0,49833.67,False
ACC00506,downgraded,2025-05-28,2025-10-01,148624.0,89757.11,False
ACC00507,active,,2025-01-01,26519.0,,True
ACC00508,active,,2026-03-01,86302.0,,True
ACC00509,active,,2026-03-01,40525.0,,True
ACC00510,renewed,2024-11-08,2025-02-01,76928.0,90514.27,False
ACC00511,renewed,2024-11-02,2025-01-01,39505.0,43193.47,False
ACC00512,renewed,2024-08-19,2024-11-01,40683.0,40455.44,False
ACC00513,active,,2025-01-01,81599.0,,True
ACC00514,active,,2025-12-01,179352.0,,True
ACC00515,churned_voluntary,2025-03-25,2025-02-01,162828.0,0.0,False
ACC00516,churned_voluntary,2025-02-10,2024-10-01,673894.0,0.0,False
ACC00517,renewed,2024-10-06,2024-12-01,15451.0,15304.44,False
ACC00518,active,,2026-01-01,40863.0,,True
ACC00519,active,,2025-03-01,28879.0,,True
ACC00520,downgraded,2024-11-18,2024-10-01,86368.0,72269.38,False
ACC00521,renewed,2024-11-14,2025-02-01,342924.0,328036.82,False
ACC00522,renewed,2024-12-13,2025-03-01,25163.0,27758.32,False
ACC00523,active,,2024-11-01,57589.0,,True
ACC00524,active,,2026-02-01,109424.0,,True
ACC00525,active,,2025-03-01,137304.0,,True
ACC00526,renewed,2025-09-01,2025-11-01,142785.0,160012.41,False
ACC00527,renewed,2025-11-06,2026-02-01,543546.0,530730.05,False
ACC00528,renewed,2025-11-02,2025-12-01,20471.0,20862.14,False
ACC00529,churned_voluntary,2025-06-03,2025-10-01,39016.0,0.0,False
ACC00530,active,,2025-02-01,23912.0,,True
ACC00531,active,,2025-01-01,31257.0,,True
ACC00532,active,,2025-02-01,115484.0,,True
ACC00533,active,,2024-10-01,83438.0,,True
ACC00534,renewed,2024-12-09,2025-03-01,22484.0,23948.85,False
ACC00535,active,,2025-10-01,162550.0,,True
ACC00536,active,,2025-01-01,97707.0,,True
ACC00537,active,,2026-03-01,33116.0,,True
ACC00538,renewed,2024-12-07,2025-01-01,82540.0,89175.72,False
ACC00539,renewed,2024-10-13,2024-12-01,124912.0,119513.25,False
ACC00540,downgraded,2025-06-16,2025-11-01,20876.0,18617.68,False
ACC00541,active,,2026-01-01,252274.0,,True
ACC00542,renewed,2025-12-31,2026-02-01,270581.0,297336.2,False
ACC00543,renewed,2024-10-13,2024-12-01,21575.0,24697.51,False
ACC00544,renewed,2024-09-06,2024-12-01,30201.0,29852.72,False
ACC00545,renewed,2024-11-05,2025-02-01,39001.0,40661.71,False
ACC00546,renewed,2025-10-24,2026-01-01,172211.0,195663.34,False
ACC00547,churned_nonpayment,2025-08-11,2025-12-01,190060.0,0.0,False
ACC00548,renewed,2024-12-23,2025-03-01,161280.0,175990.5,False
ACC00549,renewed,2024-10-01,2024-11-01,119443.0,124084.45,False
ACC00550,active,,2025-03-01,19665.0,,True
ACC00551,renewed,2025-09-21,2025-11-01,170753.0,185558.62,False
ACC00552,active,,2025-03-01,110091.0,,True
ACC00553,renewed,2024-09-04,2024-11-01,31561.0,31680.79,False
ACC00554,renewed,2026-01-25,2026-03-01,107014.0,110855.2,False
ACC00555,active,,2025-12-01,453668.0,,True
ACC00556,renewed,2024-11-04,2025-01-01,91688.0,101948.05,False
ACC00557,downgraded,2024-10-01,2024-11-01,21642.0,16511.87,False
ACC00558,churned_voluntary,2025-06-11,2025-11-01,290790.0,0.0,False
ACC00559,renewed,2024-07-03,2024-10-01,103282.0,99522.87,False
ACC00560,renewed,2024-10-08,2024-12-01,29808.0,34524.72,False
ACC00561,renewed,2024-09-24,2024-11-01,61851.0,63320.68,False
ACC00562,renewed,2024-10-27,2024-12-01,78183.0,85689.68,False
ACC00563,downgraded,2025-01-01,2024-12-01,176930.0,154294.07,False
ACC00564,churned_voluntary,2025-02-11,2024-12-01,37189.0,0.0,False
ACC00565,renewed,2024-11-26,2025-01-01,604035.0,706287.39,False
ACC00566,renewed,2024-11-04,2025-01-01,279326.0,290300.98,False
ACC00567,renewed,2024-08-27,2024-10-01,15391.0,17470.35,False
ACC00568,renewed,2025-11-04,2025-12-01,600040.0,578973.37,False
ACC00569,active,,2024-10-01,170249.0,,True
ACC00570,renewed,2024-09-02,2024-11-01,644971.0,698456.59,False
ACC00571,renewed,2025-11-14,2026-01-01,55596.0,54849.14,False
ACC00572,active,,2025-03-01,157699.0,,True
ACC00573,renewed,2026-01-19,2026-03-01,100165.0,95534.8,False
ACC00574,renewed,2025-08-23,2025-11-01,405146.0,408927.83,False
ACC00575,active,,2024-11-01,43948.0,,True
ACC00576,active,,2026-01-01,489440.0,,True
ACC00577,downgraded,2025-05-01,2024-10-01,57992.0,43995.51,False
ACC00578,active,,2024-11-01,104949.0,,True
ACC00579,renewed,2025-11-18,2026-01-01,179683.0,203924.71,False
ACC00580,renewed,2025-12-09,2026-02-01,95093.0,101916.85,False
ACC00581,renewed,2024-09-15,2024-11-01,23861.0,25847.01,False
ACC00582,active,,2025-12-01,210726.0,,True
ACC00583,renewed,2024-08-19,2024-11-01,424068.0,469295.72,False
ACC00584,renewed,2025-12-21,2026-02-01,23733.0,27575.46,False
ACC00585,renewed,2025-09-19,2025-11-01,552039.0,650556.14,False
ACC00586,renewed,2024-12-06,2025-03-01,41417.0,46278.99,False
ACC00587,churned_voluntary,2025-04-17,2025-03-01,142202.0,0.0,False
ACC00588,downgraded,2025-06-17,2025-11-01,123807.0,110310.19,False
ACC00589,downgraded,2025-03-29,2025-01-01,73010.0,54881.77,False
ACC00590,downgraded,2025-11-12,2026-02-01,22622.0,18395.17,False
ACC00591,downgraded,2025-05-13,2024-12-01,180716.0,134738.76,False
ACC00592,renewed,2024-12-10,2025-03-01,26165.0,25697.45,False
ACC00593,renewed,2024-09-18,2024-11-01,15718.0,15339.25,False
ACC00594,renewed,2024-07-03,2024-10-01,151497.0,170551.36,False
ACC00595,active,,2025-03-01,27241.0,,True
ACC00596,renewed,2024-09-10,2024-12-01,532909.0,531058.05,False
ACC00597,renewed,2025-12-04,2026-01-01,145990.0,143003.94,False
ACC00598,renewed,2025-12-24,2026-03-01,20708.0,20689.61,False
ACC00599,renewed,2025-12-26,2026-03-01,22315.0,21459.2,False
ACC00600,churned_voluntary,2024-12-10,2025-03-01,501727.0,0.0,False
ACC00601,downgraded,2024-11-23,2024-10-01,38882.0,28746.02,False
ACC00602,renewed,2024-12-18,2025-02-01,73865.0,84356.43,False
ACC00603,renewed,2024-12-06,2025-02-01,133839.0,134909.82,False
ACC00604,churned_voluntary,2025-11-13,2026-03-01,93406.0,0.0,False
ACC00605,downgraded,2024-11-13,2024-12-01,178762.0,147449.66,False
ACC00606,renewed,2025-01-23,2025-03-01,157696.0,168042.57,False
ACC00607,renewed,2024-08-09,2024-11-01,84761.0,93875.1,False
ACC00608,renewed,2024-10-05,2024-12-01,95938.0,95986.7,False
ACC00609,renewed,2025-12-04,2026-01-01,16577.0,19301.82,False
ACC00610,renewed,2025-10-09,2026-01-01,20450.0,19437.1,False
ACC00611,churned_voluntary,2024-12-04,2025-01-01,121568.0,0.0,False
ACC00612,active,,2026-01-01,20329.0,,True
ACC00613,renewed,2024-09-29,2024-12-01,52631.0,54589.5,False
ACC00614,churned_voluntary,2025-02-28,2024-11-01,94801.0,0.0,False
ACC00615,active,,2025-10-01,121702.0,,True
ACC00616,active,,2024-10-01,142340.0,,True
ACC00617,churned_voluntary,2024-10-08,2025-01-01,129602.0,0.0,False
ACC00618,renewed,2025-08-08,2025-11-01,25849.0,24992.84,False
ACC00619,active,,2024-12-01,136585.0,,True
ACC00620,renewed,2025-11-15,2026-01-01,16626.0,17301.62,False
ACC00621,renewed,2025-08-06,2025-10-01,20032.0,21828.72,False
ACC00622,renewed,2024-09-23,2024-12-01,17871.0,20630.49,False
ACC00623,renewed,2025-08-30,2025-10-01,18178.0,21436.38,False
ACC00624,renewed,2025-10-20,2026-01-01,17684.0,18422.68,False
ACC00625,renewed,2025-11-23,2026-01-01,111727.0,110607.8,False
ACC00626,renewed,2024-10-27,2024-12-01,74232.0,77466.48,False
ACC00627,renewed,2025-07-16,2025-10-01,29607.0,33201.52,False
ACC00628,renewed,2024-09-24,2024-11-01,23631.0,24277.83,False
ACC00629,churned_voluntary,2025-11-08,2026-03-01,69808.0,0.0,False
ACC00630,renewed,2024-12-20,2025-02-01,155929.0,152989.16,False
ACC00631,renewed,2025-10-19,2026-01-01,243946.0,234665.85,False
ACC00632,active,,2024-11-01,125066.0,,True
ACC00633,renewed,2024-12-01,2025-03-01,27936.0,31596.55,False
ACC00634,renewed,2024-10-16,2025-01-01,18941.0,20034.95,False
ACC00635,churned_nonpayment,2025-07-01,2025-11-01,41491.0,0.0,False
ACC00636,renewed,2025-01-09,2025-03-01,17567.0,17411.49,False
ACC00637,renewed,2024-11-29,2025-02-01,42332.0,49010.86,False
ACC00638,renewed,2025-10-17,2026-01-01,17851.0,19630.11,False
ACC00639,renewed,2024-10-04,2024-12-01,162279.0,178669.41,False
ACC00640,renewed,2025-12-21,2026-03-01,40773.0,42544.4,False
ACC00641,churned_voluntary,2024-11-13,2025-01-01,297984.0,0.0,False
ACC00642,renewed,2025-08-07,2025-10-01,171232.0,177258.82,False
ACC00643,renewed,2025-11-12,2026-02-01,163701.0,161975.63,False
ACC00644,renewed,2025-12-05,2026-03-01,27551.0,32059.87,False
ACC00645,churned_nonpayment,2025-07-05,2024-11-01,219285.0,0.0,False
ACC00646,active,,2026-02-01,131034.0,,True
ACC00647,renewed,2025-12-29,2026-03-01,527596.0,501656.04,False
ACC00648,renewed,2025-10-15,2025-12-01,170695.0,175558.32,False
ACC00649,active,,2025-12-01,157136.0,,True
ACC00650,renewed,2025-02-03,2025-03-01,162490.0,178346.63,False
ACC00651,churned_voluntary,2025-11-19,2026-03-01,24846.0,0.0,False
ACC00652,renewed,2024-11-20,2025-01-01,38881.0,37991.36,False
ACC00653,renewed,2025-12-07,2026-01-01,377064.0,441135.62,False
ACC00654,renewed,2024-11-12,2025-02-01,149548.0,172041.35,False
ACC00655,renewed,2024-09-21,2024-12-01,248804.0,256614.1,False
ACC00656,downgraded,2024-10-17,2025-02-01,152303.0,117120.11,False
ACC00657,renewed,2024-09-18,2024-11-01,21316.0,20471.56,False
ACC00658,renewed,2024-08-13,2024-10-01,109827.0,128664.1,False
ACC00659,renewed,2025-09-24,2025-12-01,23977.0,26061.47,False
ACC00660,renewed,2025-08-09,2025-10-01,35821.0,42066.47,False
ACC00661,renewed,2025-12-27,2026-02-01,114066.0,117249.62,False
ACC00662,active,,2025-02-01,34230.0,,True
ACC00663,renewed,2024-12-13,2025-03-01,451224.0,479758.73,False
ACC00664,renewed,2024-07-08,2024-10-01,27666.0,26948.35,False
ACC00665,churned_nonpayment,2025-04-24,2024-11-01,162343.0,0.0,False
ACC00666,downgraded,2025-07-08,2025-03-01,85269.0,68283.24,False
ACC00667,renewed,2025-01-03,2025-03-01,163328.0,189574.09,False
ACC00668,downgraded,2024-12-27,2024-11-01,36213.0,23106.34,False
ACC00669,renewed,2025-12-01,2026-02-01,83081.0,86611.3,False
ACC00670,renewed,2025-10-16,2026-01-01,105549.0,111012.84,False
ACC00671,renewed,2025-10-04,2026-01-01,78601.0,86531.82,False
ACC00672,active,,2025-10-01,287282.0,,True
ACC00673,churned_voluntary,2025-01-20,2024-12-01,476408.0,0.0,False
ACC00674,renewed,2025-10-17,2025-12-01,26019.0,28544.75,False
ACC00675,renewed,2025-01-15,2025-03-01,135998.0,137490.98,False
ACC00676,active,,2025-11-01,117802.0,,True
ACC00677,churned_nonpayment,2025-01-15,2024-12-01,136577.0,0.0,False
ACC00678,renewed,2025-10-17,2025-12-01,701533.0,804069.46,False
ACC00679,active,,2025-03-01,27722.0,,True
ACC00680,active,,2026-03-01,26244.0,,True
ACC00681,active,,2026-03-01,168820.0,,True
ACC00682,renewed,2025-09-08,2025-11-01,42702.0,46877.3,False
ACC00683,renewed,2025-12-03,2026-01-01,18198.0,17375.47,False
ACC00684,renewed,2026-01-06,2026-02-01,38762.0,39982.42,False
ACC00685,active,,2024-10-01,36444.0,,True
ACC00686,renewed,2025-09-16,2025-12-01,147545.0,171508.39,False
ACC00687,renewed,2024-12-17,2025-02-01,84152.0,85388.14,False
ACC00688,renewed,2024-08-17,2024-10-01,30418.0,35492.55,False
ACC00689,active,,2025-11-01,30473.0,,True
ACC00690,renewed,2024-09-12,2024-12-01,119446.0,122647.34,False
ACC00691,renewed,2025-10-01,2025-11-01,68004.0,79200.31,False
ACC00692,renewed,2025-09-18,2025-12-01,68772.0,80448.27,False
ACC00693,renewed,2025-01-19,2025-03-01,93598.0,89256.81,False
ACC00694,renewed,2024-11-15,2025-01-01,184942.0,186854.92,False
ACC00695,churned_nonpayment,2024-11-14,2024-11-01,125534.0,0.0,False
ACC00696,renewed,2025-11-15,2026-01-01,130541.0,142263.02,False
ACC00697,renewed,2024-11-19,2025-01-01,176527.0,200881.25,False
ACC00698,renewed,2025-08-22,2025-11-01,739711.0,845293.89,False
ACC00699,downgraded,2024-12-04,2025-02-01,149201.0,127068.94,False
ACC00700,renewed,2026-01-13,2026-03-01,132141.0,155896.84,False
